student_id,attendance,internal1,internal2,assignments,study_hours,previous_marks,final_score
S1000,82.45,52.37,49.79,67.13,0.14,95.49,55.48
S1001,72.93,51.84,56.5,69.35,10.21,60.9,62.05
S1002,84.72,27.68,51.25,71.29,3.86,75.96,49.34
S1003,97.85,54.06,63.99,88.94,4.87,54.16,68.4
S1004,71.49,73.19,83.55,55.06,2.84,47.44,60.26
S1005,71.49,37.06,48.12,53.07,0.49,61.68,41.95
S1006,98.69,78.87,80.01,94.73,0.08,41.84,79.62
S1007,86.51,68.78,47.93,60.75,4.8,49.06,66.47
S1008,67.96,46.78,46.74,44.74,1.21,75.05,44.7
S1009,83.14,57.45,76.73,60.3,0.74,56.27,61.36
S1010,68.05,88.77,78.59,63.4,1.98,77.08,68.96
S1011,68.01,73.2,77.33,100.0,1.31,70.09,58.89
S1012,78.63,60.16,38.32,88.5,2.53,96.47,55.16
S1013,46.3,55.72,53.61,92.95,1.59,73.91,63.29
S1014,49.13,61.38,76.81,86.4,2.87,83.94,56.32
S1015,66.57,50.79,62.75,88.92,4.61,71.83,69.72
S1016,59.81,22.11,42.67,56.24,0.52,70.29,35.56
S1017,79.71,96.76,70.25,66.03,0.96,84.8,76.15
S1018,61.38,62.8,49.13,50.2,1.38,76.37,51.72
S1019,53.82,67.17,94.3,65.79,7.85,68.57,65.37
S1020,96.98,58.96,89.81,83.68,1.09,68.5,85.08
S1021,71.61,46.77,72.87,72.69,1.15,74.15,53.2
S1022,76.01,56.65,86.5,96.23,2.54,53.59,72.27
S1023,53.63,31.21,63.17,47.17,1.3,52.87,48.62
S1024,66.83,100.0,75.78,80.0,7.25,89.23,96.54
S1025,76.66,37.78,88.6,45.03,5.4,96.7,57.1
S1026,57.74,41.42,66.42,71.88,1.73,49.21,48.81
S1027,80.64,52.08,57.41,84.81,2.48,53.63,66.28
S1028,65.99,83.19,31.32,65.71,0.14,84.42,56.57
S1029,70.62,60.26,60.5,81.02,2.86,74.07,60.02
S1030,65.97,37.75,76.82,50.81,2.95,76.5,61.9
S1031,100.0,82.58,79.02,36.73,1.07,80.24,69.79
S1032,74.8,73.16,71.08,81.14,0.6,60.91,60.76
S1033,59.13,69.69,52.26,100.0,5.92,70.61,68.55
S1034,87.34,72.88,26.42,50.08,1.34,69.29,59.05
S1035,56.69,100.0,53.09,94.44,2.55,50.41,63.39
S1036,78.13,99.33,56.52,70.87,0.08,70.36,66.25
S1037,45.6,47.64,56.37,43.29,1.28,86.04,42.45
S1038,55.08,89.23,73.13,47.37,4.08,59.32,65.67
S1039,77.95,66.9,97.74,70.32,1.18,67.59,68.15
S1040,86.08,68.98,64.22,61.91,2.22,68.51,60.79
S1041,77.57,29.54,58.1,43.74,0.57,60.16,42.07
S1042,73.27,56.93,57.33,36.12,1.29,76.51,57.24
S1043,70.48,45.37,64.24,53.07,6.3,53.44,52.95
S1044,52.82,74.91,47.09,73.88,2.01,87.65,46.38
S1045,64.2,79.28,64.16,69.87,5.57,75.65,58.35
S1046,68.09,22.66,70.11,59.98,5.58,49.07,50.87
S1047,90.86,59.6,65.77,74.04,6.92,93.87,70.51
S1048,80.15,80.19,70.24,90.8,5.42,67.86,71.78
S1049,48.55,56.64,69.81,77.88,0.01,52.71,52.09
S1050,79.86,73.12,30.11,67.57,6.52,83.78,53.53
S1051,69.22,66.32,73.46,88.56,0.35,73.41,60.82
S1052,64.85,66.15,49.92,50.8,0.1,34.88,57.69
S1053,84.18,55.12,42.27,65.5,0.14,56.06,62.24
S1054,90.46,38.1,42.12,65.98,1.03,69.74,59.51
S1055,88.97,39.81,69.8,45.26,2.33,28.29,57.88
S1056,62.41,72.77,57.99,61.6,1.24,66.45,63.69
S1057,70.36,60.35,31.72,28.5,0.06,67.69,40.36
S1058,79.97,57.51,70.6,100.0,1.55,44.88,66.08
S1059,89.63,52.37,36.09,51.25,1.4,69.6,48.73
S1060,67.81,54.51,64.52,100.0,3.39,65.13,57.35
S1061,72.22,78.84,66.29,70.76,0.79,44.75,64.77
S1062,58.4,53.97,77.94,81.3,0.59,80.63,67.22
S1063,57.06,35.86,94.07,60.22,0.71,79.24,56.4
S1064,87.19,73.39,37.44,74.16,0.87,60.07,71.42
S1065,95.34,56.31,61.06,83.01,2.19,61.62,68.29
S1066,73.92,60.57,57.03,83.29,1.53,77.35,58.33
S1067,90.05,88.94,69.81,85.5,0.99,61.59,67.22
S1068,80.42,59.63,65.88,62.63,1.13,32.17,64.49
S1069,65.32,65.21,55.65,60.39,1.11,73.28,58.22
S1070,80.42,38.78,54.06,38.12,8.62,51.17,57.87
S1071,98.07,56.05,41.9,80.46,0.64,58.37,46.39
S1072,74.46,70.97,79.78,91.65,4.09,89.78,75.0
S1073,98.47,32.0,70.27,100.0,2.96,62.72,64.75
S1074,35.7,63.62,78.52,76.1,0.01,65.03,46.92
S1075,87.33,61.81,56.41,54.67,11.97,73.66,66.65
S1076,76.31,60.74,50.18,36.06,3.39,73.59,62.27
S1077,70.51,78.67,42.59,90.83,2.75,49.37,75.42
S1078,76.38,66.02,68.46,34.07,1.25,63.97,59.58
S1079,45.19,86.61,43.28,63.19,1.94,65.61,50.03
S1080,71.7,42.12,95.28,65.51,0.7,69.62,57.93
S1081,80.36,62.45,38.46,68.61,0.09,69.92,63.38
S1082,97.17,61.52,66.93,70.72,4.34,100.0,66.78
S1083,67.23,40.75,90.2,72.76,5.44,45.01,64.87
S1084,62.87,77.21,72.78,21.69,0.43,81.66,59.11
S1085,67.47,100.0,65.16,70.29,3.71,85.12,71.91
S1086,88.73,59.69,44.57,25.41,3.24,73.38,46.4
S1087,79.93,69.09,37.13,84.64,0.47,53.94,57.41
S1088,67.05,61.52,75.86,58.9,1.31,93.3,54.31
S1089,82.7,47.16,89.11,26.86,1.32,27.74,51.86
S1090,76.46,27.23,54.1,53.72,3.42,53.38,55.99
S1091,89.53,47.3,41.5,58.6,4.36,84.92,66.99
S1092,64.47,34.94,17.75,93.81,0.24,58.71,48.0
S1093,70.09,90.67,44.35,73.93,1.99,92.14,62.4
S1094,69.12,57.93,59.95,76.89,3.44,39.3,67.57
S1095,53.05,53.77,90.78,93.62,3.7,46.09,59.18
S1096,79.44,76.0,74.12,68.08,0.38,55.96,59.07
S1097,78.92,39.81,67.49,85.08,1.79,72.1,66.23
S1098,75.08,46.2,54.8,83.68,4.68,61.23,62.73
S1099,71.48,61.23,51.5,44.27,0.92,56.66,49.93
S1100,53.77,78.52,87.3,99.46,1.33,89.15,71.71
S1101,68.69,69.03,65.61,41.59,3.92,90.73,64.02
S1102,69.86,64.47,24.15,88.35,0.22,57.96,55.57
S1103,62.97,61.41,49.88,39.66,4.71,35.93,52.65
S1104,72.58,67.2,46.55,82.02,0.89,28.32,53.45
S1105,81.06,63.63,52.17,100.0,0.0,69.07,68.49
S1106,100.0,41.46,72.13,65.74,0.64,76.15,65.62
S1107,77.62,60.83,60.07,64.87,0.23,66.07,57.2
S1108,78.86,40.67,60.62,82.21,0.23,63.79,57.33
S1109,73.88,61.46,85.64,63.41,2.83,51.32,63.36
S1110,46.22,51.35,49.46,100.0,0.58,76.13,45.95
S1111,74.6,100.0,95.56,73.84,6.55,93.53,77.65
S1112,75.9,59.28,49.92,63.6,1.74,27.31,54.35
S1113,100.0,34.72,63.61,59.19,1.48,63.68,52.55
S1114,72.11,57.58,56.94,51.34,1.37,48.5,50.45
S1115,79.52,69.35,64.22,57.44,2.83,39.66,74.9
S1116,74.48,90.12,70.0,62.99,1.44,45.79,58.62
S1117,57.47,49.39,69.81,60.25,0.33,71.45,52.25
S1118,92.14,31.52,48.44,56.84,5.09,71.88,52.29
S1119,86.28,74.7,41.79,100.0,1.34,89.82,68.82
S1120,86.87,35.15,100.0,49.4,0.18,65.15,57.87
S1121,61.36,52.15,53.29,72.93,1.81,35.11,50.32
S1122,96.04,55.36,74.59,81.85,2.5,60.95,65.31
S1123,53.97,58.75,33.06,82.6,0.77,41.43,55.11
S1124,83.8,72.4,56.97,68.83,3.87,44.48,64.02
S1125,100.0,47.69,59.71,65.19,2.66,74.87,59.06
S1126,60.14,55.07,70.51,79.03,2.52,68.3,65.14
S1127,66.51,59.74,13.0,75.33,1.31,74.99,44.88
S1128,76.49,62.69,64.99,64.82,7.84,58.92,54.81
S1129,67.45,61.76,41.3,38.76,0.77,78.44,51.5
S1130,51.74,67.85,67.84,60.64,2.07,57.97,67.44
S1131,76.03,75.19,43.35,47.07,0.89,83.98,47.65
S1132,59.07,67.07,46.6,56.66,3.28,70.86,46.74
S1133,82.1,68.16,57.07,70.66,0.12,61.48,66.9
S1134,61.21,31.52,43.06,77.17,0.11,68.61,44.86
S1135,98.25,60.9,53.44,100.0,4.0,64.7,74.57
S1136,63.25,68.63,40.52,59.25,1.37,92.13,51.4
S1137,70.17,73.12,29.0,85.49,1.0,69.17,59.06
S1138,87.2,47.54,80.32,76.12,2.24,64.97,76.88
S1139,56.54,48.14,38.67,95.92,2.9,60.95,46.26
S1140,78.41,49.67,58.78,81.52,0.54,79.33,67.87
S1141,94.61,69.66,75.55,49.83,0.49,77.03,72.2
S1142,50.89,78.61,50.93,35.54,7.62,60.34,44.87
S1143,77.77,52.67,47.15,76.23,2.14,45.35,59.8
S1144,78.9,76.34,66.07,59.43,1.19,49.67,63.12
S1145,86.73,62.22,82.12,50.39,3.88,61.87,66.78
S1146,56.45,57.76,40.95,44.65,1.79,87.93,52.26
S1147,55.19,56.2,59.3,73.22,0.66,60.75,52.18
S1148,82.83,73.44,30.82,100.0,0.56,54.9,62.75
S1149,79.45,65.86,54.92,61.83,1.21,35.07,58.86
S1150,78.76,100.0,62.62,81.81,4.72,90.73,80.39
S1151,80.2,44.66,46.62,67.95,0.15,74.67,46.88
S1152,64.8,69.33,53.77,44.21,0.59,78.53,63.35
S1153,78.48,50.47,36.65,84.7,5.37,81.35,53.64
S1154,79.4,44.35,63.39,48.11,0.31,62.2,59.56
S1155,64.28,59.8,81.0,70.43,2.38,66.44,63.11
S1156,100.0,62.47,42.25,63.17,0.58,90.31,57.05
S1157,82.11,100.0,50.79,87.86,2.23,68.05,74.96
S1158,57.13,56.69,71.05,48.84,1.16,74.99,49.56
S1159,84.85,39.66,83.82,77.82,0.26,79.8,72.1
S1160,60.38,64.91,35.12,53.2,2.1,75.93,47.46
S1161,86.81,22.66,58.96,59.78,2.76,62.82,45.68
S1162,92.38,58.34,67.1,0.0,2.74,64.42,65.2
S1163,62.69,60.29,60.16,100.0,2.43,78.22,64.89
S1164,89.45,74.3,17.42,81.01,1.66,78.19,66.71
S1165,81.19,77.53,71.02,54.65,1.76,84.86,62.46
S1166,87.33,50.94,89.35,47.51,2.42,74.37,54.31
S1167,100.0,57.29,64.1,60.09,2.81,75.14,77.26
S1168,71.32,46.21,43.44,84.34,2.55,57.41,55.39
S1169,63.69,39.69,52.76,32.16,2.12,55.12,48.76
S1170,61.66,65.58,93.86,67.17,0.41,78.27,69.35
S1171,62.76,37.08,78.38,100.0,0.57,55.24,57.58
S1172,73.84,52.54,73.52,47.32,0.72,64.65,58.95
S1173,80.12,42.09,68.42,71.61,6.05,88.44,74.3
S1174,79.15,69.89,50.1,100.0,3.42,85.75,68.88
S1175,87.41,92.43,58.39,82.64,1.93,70.13,78.04
S1176,75.2,36.57,60.6,72.52,0.7,59.97,43.51
S1177,96.8,26.65,71.89,80.13,0.28,62.9,69.1
S1178,71.03,57.75,89.16,61.98,5.5,79.75,58.03
S1179,100.0,60.28,82.13,95.99,5.36,64.38,83.05
S1180,84.39,63.94,36.45,62.01,0.28,55.51,58.51
S1181,62.14,51.97,66.03,30.82,3.83,85.67,53.66
S1182,58.94,56.39,75.26,62.17,1.42,68.09,57.31
S1183,82.24,66.62,73.14,50.67,0.94,55.19,60.58
S1184,71.65,78.73,50.67,64.38,3.22,73.14,57.45
S1185,85.71,24.81,100.0,64.82,2.29,81.51,64.17
S1186,82.1,53.36,39.01,93.95,3.63,47.87,72.94
S1187,73.91,63.85,42.5,83.91,0.19,61.59,66.4
S1188,62.3,43.48,66.2,75.27,0.92,60.81,50.12
S1189,52.28,91.16,100.0,69.94,0.92,72.69,71.13
S1190,68.3,48.56,46.95,48.82,0.96,75.74,52.13
S1191,87.85,59.26,57.22,26.38,1.68,55.62,54.76
S1192,78.21,70.01,81.39,72.26,0.8,39.62,59.02
S1193,56.31,49.36,61.68,85.89,1.41,82.54,60.8
S1194,77.6,26.76,55.98,67.83,1.1,45.96,56.34
S1195,80.78,52.28,72.18,59.3,3.19,69.61,57.54
S1196,61.74,78.53,66.91,79.29,2.22,62.76,75.54
S1197,77.31,53.94,80.55,68.33,2.54,67.76,73.65
S1198,75.87,44.76,85.25,100.0,0.57,93.07,72.85
S1199,57.86,76.66,67.53,94.65,0.95,100.0,60.58
S1200,80.37,54.05,67.25,89.19,0.05,37.23,63.89
S1201,83.41,50.82,65.85,85.15,0.28,81.73,66.96
S1202,91.25,62.69,70.8,44.2,0.74,62.34,65.82
S1203,90.81,73.87,62.99,83.26,0.16,82.81,80.47
S1204,54.33,100.0,61.99,77.53,2.21,81.27,65.79
S1205,60.93,74.89,83.54,82.13,12.0,88.97,86.42
S1206,82.73,80.88,89.29,79.85,0.26,69.84,76.24
S1207,82.71,50.89,34.86,79.06,4.13,49.88,55.0
S1208,82.73,41.53,62.18,100.0,0.3,80.77,79.05
S1209,100.0,61.12,49.6,68.48,2.66,67.01,70.43
S1210,83.56,61.93,56.4,88.73,2.47,61.02,62.48
S1211,92.03,40.59,69.25,60.58,5.59,56.9,63.05
S1212,89.31,56.84,74.05,85.81,0.29,82.11,73.55
S1213,84.77,67.19,59.98,88.79,0.91,92.26,68.72
S1214,70.27,66.49,27.56,77.29,0.23,44.68,53.36
S1215,86.38,69.08,44.63,100.0,1.26,75.57,62.62
S1216,63.41,65.24,78.14,52.31,5.82,58.67,51.04
S1217,71.45,50.87,12.67,60.26,3.65,40.06,46.08
S1218,67.72,50.75,83.37,74.25,3.08,67.51,64.02
S1219,76.23,38.42,71.38,87.62,1.83,50.84,63.32
S1220,100.0,92.13,85.69,73.59,5.16,38.18,74.54
S1221,46.99,60.24,58.43,95.72,1.43,51.71,47.68
S1222,85.29,55.95,24.89,56.77,0.39,47.53,45.16
S1223,50.81,43.28,69.75,47.19,4.36,54.01,56.3
S1224,67.92,100.0,84.94,76.16,0.79,42.46,66.03
S1225,91.33,40.68,78.64,68.46,0.13,58.28,60.21
S1226,75.96,52.28,50.07,80.86,0.32,52.87,55.16
S1227,58.83,67.49,63.56,69.45,2.25,71.39,55.89
S1228,64.27,70.8,52.41,63.2,2.24,75.09,54.66
S1229,85.19,77.24,47.25,68.5,0.72,69.42,58.55
S1230,64.04,92.54,79.2,70.58,3.12,61.0,77.01
S1231,78.25,69.11,40.44,63.9,3.57,60.54,62.98
S1232,75.68,40.99,45.91,65.94,6.08,50.77,61.79
S1233,65.23,55.37,42.13,61.93,2.11,51.18,59.97
S1234,100.0,65.54,35.18,87.13,3.63,76.96,53.62
S1235,84.51,97.23,64.64,73.88,3.36,35.09,71.83
S1236,44.62,34.84,82.91,100.0,0.72,63.63,52.91
S1237,77.8,81.65,58.67,73.21,0.89,59.5,71.59
S1238,65.07,63.24,34.9,58.98,1.56,75.19,48.59
S1239,87.79,75.08,77.12,100.0,0.05,40.77,65.16
S1240,63.11,58.16,92.34,78.27,0.85,65.21,55.96
S1241,73.28,44.84,50.37,89.8,1.54,70.83,56.87
S1242,82.57,73.52,53.39,81.84,0.27,32.62,67.19
S1243,87.99,71.78,71.28,82.46,0.32,46.74,69.35
S1244,57.0,77.5,91.19,80.71,1.49,63.44,59.97
S1245,69.98,59.76,52.64,47.96,3.15,73.74,69.04
S1246,67.88,49.2,38.02,77.35,4.31,68.1,58.88
S1247,65.2,31.94,73.37,43.5,1.9,74.53,56.95
S1248,100.0,74.75,76.38,66.51,1.55,46.65,78.35
S1249,81.07,67.63,62.11,55.49,1.16,37.99,49.08
S1250,56.09,42.62,51.95,77.15,0.51,66.44,45.94
S1251,88.77,50.31,79.9,76.68,0.38,44.1,69.27
S1252,100.0,51.6,71.5,79.62,3.77,50.29,63.61
S1253,90.49,33.31,48.17,75.75,1.5,80.85,57.46
S1254,52.21,45.28,62.88,57.86,3.75,68.21,51.59
S1255,67.74,39.59,37.67,64.78,2.92,55.34,41.43
S1256,94.0,52.58,74.35,88.41,0.52,53.13,65.55
S1257,64.38,46.7,57.28,91.36,1.71,75.56,64.5
S1258,81.66,30.71,54.16,47.06,1.41,68.6,56.39
S1259,86.62,96.41,61.41,39.38,1.32,44.35,70.9
S1260,61.1,82.55,62.73,55.46,1.88,31.89,62.83
S1261,74.11,45.98,78.11,90.9,9.65,96.99,73.94
S1262,30.0,64.9,72.64,94.3,4.02,44.22,57.55
S1263,59.63,67.51,59.18,51.51,5.62,73.97,59.7
S1264,71.21,81.44,75.75,76.15,0.07,90.68,66.0
S1265,56.28,45.27,69.21,100.0,0.36,67.51,52.72
S1266,99.49,79.66,54.32,78.31,0.21,54.79,64.86
S1267,53.55,50.14,59.76,98.43,0.73,40.76,52.62
S1268,68.4,35.95,59.33,89.97,1.4,40.52,50.47
S1269,76.96,73.03,71.09,51.8,2.47,71.4,66.69
S1270,96.62,83.23,55.39,66.2,1.67,89.67,72.82
S1271,53.46,100.0,54.97,70.7,5.6,58.28,65.45
S1272,92.45,38.4,97.44,72.08,6.75,55.55,72.13
S1273,75.15,72.58,78.92,88.33,0.43,76.86,77.41
S1274,60.28,52.62,48.31,78.17,4.6,53.34,54.56
S1275,81.93,74.1,72.28,11.28,1.58,69.67,65.26
S1276,77.99,33.53,64.13,43.74,1.45,65.71,55.99
S1277,66.0,37.27,69.05,26.25,3.69,58.04,56.13
S1278,76.05,46.03,64.47,73.51,0.23,64.74,68.42
S1279,69.22,61.42,83.41,74.81,5.14,94.97,73.02
S1280,76.7,48.46,68.22,75.66,2.67,75.28,63.35
S1281,84.93,71.86,60.88,50.82,5.0,83.57,66.84
S1282,98.79,78.48,80.76,83.48,12.0,49.38,77.19
S1283,56.43,70.79,66.2,84.33,1.75,83.63,60.37
S1284,100.0,89.14,64.19,44.9,0.23,75.86,75.52
S1285,45.72,67.48,67.65,40.68,0.44,39.51,42.95
S1286,72.72,38.1,60.32,70.0,0.94,74.18,65.94
S1287,83.82,84.54,62.17,100.0,0.26,56.27,70.15
S1288,79.21,49.11,51.44,100.0,4.05,38.72,77.98
S1289,65.66,76.39,48.48,81.27,0.85,67.21,56.56
S1290,71.88,88.33,44.03,55.4,8.94,74.16,66.14
S1291,67.6,68.22,36.94,87.74,2.91,67.58,57.2
S1292,66.16,33.07,46.17,60.95,0.46,63.14,43.31
S1293,87.74,43.47,58.86,54.65,1.55,59.38,63.7
S1294,80.36,83.81,63.86,27.12,1.51,100.0,57.81
S1295,64.61,56.96,57.12,72.05,1.63,44.9,51.02
S1296,88.49,61.43,19.6,57.4,1.84,79.84,59.36
S1297,79.61,73.66,90.34,71.93,0.08,65.26,74.53
S1298,87.19,72.53,81.56,24.01,2.78,50.47,54.31
S1299,84.44,65.02,70.02,73.4,1.6,64.18,69.84
S1300,62.57,56.24,96.33,21.38,3.76,41.32,56.15
S1301,66.6,54.37,44.41,91.76,4.05,54.88,52.18
S1302,86.21,75.44,95.98,80.44,0.63,64.2,69.9
S1303,84.16,69.96,44.63,64.43,0.12,38.63,45.34
S1304,74.69,55.37,66.3,81.25,2.92,73.61,74.32
S1305,76.76,79.48,39.07,50.44,9.13,48.62,65.99
S1306,94.16,57.68,62.26,71.45,1.42,40.32,55.25
S1307,66.13,44.67,68.95,85.9,0.72,46.63,61.96
S1308,83.21,46.34,59.22,8.11,0.41,100.0,49.89
S1309,71.97,42.38,74.85,61.06,0.81,31.37,59.63
S1310,71.73,55.1,63.78,69.55,0.95,72.41,56.88
S1311,91.48,82.21,52.6,66.07,1.32,52.22,63.45
S1312,87.38,45.51,51.8,99.14,2.56,59.05,61.63
S1313,87.2,63.39,76.6,47.52,0.77,75.27,60.89
S1314,94.58,48.18,50.23,57.58,0.13,74.43,67.87
S1315,75.32,55.31,78.48,31.68,1.12,53.43,61.63
S1316,85.23,32.82,84.01,100.0,4.64,41.92,66.85
S1317,70.35,56.03,31.96,65.07,1.66,75.58,59.48
S1318,79.86,56.51,82.39,61.23,8.03,74.39,58.62
S1319,73.05,69.73,99.09,68.95,1.68,60.16,61.85
S1320,76.45,64.02,66.54,82.72,0.77,72.51,68.12
S1321,83.93,38.43,72.78,76.95,0.52,57.42,65.18
S1322,62.73,79.52,80.67,100.0,2.85,50.94,70.91
S1323,100.0,63.79,57.04,79.08,1.84,65.07,57.16
S1324,59.91,63.57,65.28,60.7,2.22,73.82,51.97
S1325,56.79,59.83,38.34,58.77,3.38,70.26,53.86
S1326,92.37,50.68,64.5,62.14,3.11,73.66,78.93
S1327,86.87,63.92,70.97,39.96,0.11,52.07,67.26
S1328,84.36,68.56,71.29,70.8,3.89,91.89,80.28
S1329,84.43,28.56,81.18,85.67,1.83,59.18,64.77
S1330,74.82,50.3,48.05,57.73,1.19,62.98,55.92
S1331,61.54,55.41,52.41,53.85,1.85,42.58,44.01
S1332,76.14,64.61,96.12,100.0,2.27,61.7,79.2
S1333,64.84,81.48,59.29,41.47,0.39,74.05,57.75
S1334,89.63,46.11,65.6,28.64,1.3,77.96,61.65
S1335,72.79,51.04,60.79,46.94,0.98,91.55,57.44
S1336,62.62,50.77,47.21,39.19,1.04,73.84,50.71
S1337,70.18,45.57,91.22,77.72,0.23,69.71,63.12
S1338,81.19,53.75,52.5,62.79,0.42,57.41,58.26
S1339,66.54,73.87,41.71,65.61,0.42,53.75,61.18
S1340,62.67,41.03,53.89,93.06,1.12,81.49,49.72
S1341,78.66,67.7,25.97,56.17,5.4,81.17,48.68
S1342,78.67,29.37,50.28,85.5,0.55,46.69,55.92
S1343,67.4,49.9,44.57,100.0,1.29,77.29,67.76
S1344,67.93,54.07,73.11,60.89,0.9,76.06,69.76
S1345,78.48,90.15,49.88,84.74,3.72,46.07,59.45
S1346,53.28,55.05,77.98,65.16,0.12,74.19,54.76
S1347,53.89,20.38,87.17,88.48,0.53,47.16,44.36
S1348,64.22,24.02,76.06,38.57,0.57,23.7,41.21
S1349,71.8,60.61,58.12,37.09,11.9,62.28,66.17
S1350,79.66,71.05,64.54,62.17,2.03,69.38,64.24
S1351,97.13,66.76,34.55,52.22,0.36,63.04,56.62
S1352,87.86,63.02,59.59,59.67,0.76,100.0,69.09
S1353,72.6,80.92,46.51,65.61,0.44,71.44,56.07
S1354,74.71,50.29,74.5,84.4,0.32,67.5,72.76
S1355,59.96,76.11,100.0,61.85,3.83,72.3,68.68
S1356,74.72,30.62,71.0,53.52,1.64,57.5,51.19
S1357,70.67,43.71,26.16,62.97,2.39,80.8,53.89
S1358,79.84,27.47,55.5,54.62,0.97,71.14,57.98
S1359,62.59,55.05,64.2,51.32,1.94,70.36,64.78
S1360,82.79,59.17,63.57,37.74,0.71,54.39,55.44
S1361,97.99,62.05,48.85,71.39,0.88,38.41,68.18
S1362,73.37,61.11,66.42,58.63,2.53,56.48,60.16
S1363,81.03,43.3,39.63,89.33,0.39,69.8,53.75
S1364,85.35,56.58,44.99,41.05,2.3,57.44,50.04
S1365,68.98,33.05,73.62,59.16,4.59,69.96,50.16
S1366,78.36,84.54,43.72,100.0,0.31,61.05,62.05
S1367,75.19,54.53,71.69,51.21,5.47,72.32,68.38
S1368,76.47,51.2,37.35,65.27,0.2,48.39,55.8
S1369,63.4,88.6,93.77,45.68,1.03,68.28,59.07
S1370,75.37,37.64,48.06,43.03,2.26,54.1,38.5
S1371,82.47,39.74,57.97,100.0,1.97,38.85,53.35
S1372,96.77,40.27,67.95,73.42,0.24,62.19,58.53
S1373,89.39,58.78,51.82,72.67,3.85,91.12,64.59
S1374,100.0,67.77,64.58,36.07,8.68,40.2,72.28
S1375,63.49,73.31,72.36,77.17,0.48,67.03,60.24
S1376,88.08,100.0,79.29,93.15,5.41,78.56,92.5
S1377,77.75,19.51,76.25,92.99,1.95,100.0,53.43
S1378,100.0,70.96,58.91,83.37,6.59,56.62,70.35
S1379,62.88,49.97,59.36,47.41,0.46,54.26,55.07
S1380,62.4,49.44,100.0,76.26,3.77,45.17,68.41
S1381,66.01,48.84,79.1,83.35,0.15,84.39,61.09
S1382,43.14,43.64,45.41,34.11,5.15,50.25,47.32
S1383,67.11,90.32,63.8,47.57,2.69,58.7,66.83
S1384,63.61,75.16,55.97,87.76,1.11,33.57,55.11
S1385,77.26,60.42,59.56,87.52,0.51,80.03,66.58
S1386,80.13,84.32,39.87,39.03,4.07,84.69,65.45
S1387,100.0,32.77,54.59,85.9,2.22,79.38,60.74
S1388,89.26,36.05,94.61,71.91,1.07,37.71,73.7
S1389,66.35,20.8,72.42,85.62,1.41,75.32,51.3
S1390,61.52,47.41,17.16,57.31,4.2,36.56,43.51
S1391,82.38,62.91,83.9,82.9,0.99,65.99,61.99
S1392,55.2,61.85,81.61,86.88,0.23,68.49,63.11
S1393,100.0,62.69,55.53,62.97,5.81,70.27,61.62
S1394,92.69,34.6,74.91,70.36,1.18,74.09,61.86
S1395,67.96,74.46,46.53,57.03,1.03,64.86,47.22
S1396,49.3,64.31,53.54,100.0,0.55,31.64,59.13
S1397,95.31,73.19,88.97,67.59,5.47,74.1,78.68
S1398,73.28,25.93,57.11,51.56,0.59,66.66,56.15
S1399,93.57,65.61,28.34,55.68,2.43,49.66,54.63
S1400,51.08,38.62,60.86,72.54,5.1,38.32,56.73
S1401,66.01,52.85,60.59,85.07,0.09,91.18,61.35
S1402,75.08,69.62,83.57,43.28,4.24,85.93,67.29
S1403,75.7,61.64,62.26,100.0,1.27,77.0,79.72
S1404,68.25,44.67,54.41,76.17,2.57,53.5,52.03
S1405,84.34,60.11,80.81,79.33,1.12,22.21,71.31
S1406,58.99,32.43,64.17,68.06,2.85,78.0,56.38
S1407,72.86,80.7,48.5,70.39,0.7,71.23,58.66
S1408,76.8,56.3,82.79,67.03,0.05,58.63,55.07
S1409,82.72,80.13,65.49,90.36,7.09,84.12,69.11
S1410,85.67,50.52,62.05,69.84,0.04,79.42,69.16
S1411,58.13,50.58,65.2,85.34,4.17,67.99,69.78
S1412,51.99,46.24,42.73,61.32,0.44,65.6,47.32
S1413,94.17,75.77,52.5,73.91,1.2,65.87,68.33
S1414,79.98,47.23,62.06,53.92,4.15,76.56,64.33
S1415,63.77,71.6,58.5,94.33,0.55,50.42,61.87
S1416,98.27,53.12,84.9,53.33,4.82,72.24,76.4
S1417,76.74,24.43,65.91,63.5,1.65,49.35,54.29
S1418,92.69,49.73,77.39,63.7,1.09,87.72,68.28
S1419,76.01,38.78,62.17,62.92,2.61,74.05,53.14
S1420,100.0,60.61,81.01,84.45,1.0,53.3,66.15
S1421,100.0,38.57,69.16,63.67,1.02,66.37,44.29
S1422,71.27,76.67,62.24,97.88,3.17,50.49,74.32
S1423,89.57,58.36,61.76,53.63,0.89,90.57,63.08
S1424,84.68,56.8,44.82,73.39,0.54,92.59,59.63
S1425,95.53,71.81,71.12,54.48,3.96,76.84,58.59
S1426,60.53,77.35,61.28,78.42,3.93,91.46,61.89
S1427,85.29,59.64,52.96,69.68,1.65,67.58,57.25
S1428,90.88,46.12,81.92,66.9,1.8,77.98,62.29
S1429,48.62,28.07,39.5,93.77,2.86,85.82,51.74
S1430,57.25,47.65,54.4,56.91,1.71,64.9,51.34
S1431,44.41,48.89,80.5,81.73,1.3,66.21,48.34
S1432,70.96,61.93,67.68,54.62,12.0,80.87,58.15
S1433,85.76,53.79,61.14,72.25,0.38,75.99,55.26
S1434,97.54,72.38,66.52,46.09,2.16,52.16,76.23
S1435,76.11,48.97,65.23,56.75,5.21,27.82,64.72
S1436,99.43,58.97,34.7,68.36,2.79,62.02,56.33
S1437,54.3,81.31,55.71,100.0,5.11,29.35,49.61
S1438,49.45,66.15,91.1,72.02,0.98,48.15,60.69
S1439,74.17,58.92,50.13,100.0,0.76,50.14,61.03
S1440,80.76,49.17,56.27,74.41,4.57,55.33,62.16
S1441,74.51,48.6,52.25,62.26,1.2,78.95,61.08
S1442,43.99,44.69,60.43,100.0,2.97,82.64,59.48
S1443,73.66,50.26,51.5,78.74,0.38,73.65,51.44
S1444,55.43,73.6,70.76,57.15,3.38,75.75,62.33
S1445,85.05,56.01,65.55,79.41,1.91,76.15,71.18
S1446,80.5,35.7,75.92,64.15,0.75,22.55,50.36
S1447,60.9,91.83,43.08,30.22,1.64,65.17,55.88
S1448,67.29,65.76,55.87,88.72,2.87,34.46,56.02
S1449,59.11,34.68,57.94,91.9,0.03,73.66,66.44
S1450,74.06,52.05,70.2,100.0,2.44,29.42,54.16
S1451,89.33,62.0,47.72,78.44,1.87,61.93,70.11
S1452,60.21,90.68,78.48,65.03,0.6,74.31,56.35
S1453,82.56,40.05,83.36,86.7,3.36,46.0,75.36
S1454,67.05,77.57,44.2,87.0,0.87,81.35,55.88
S1455,63.11,85.19,53.16,100.0,0.78,73.61,67.34
S1456,73.39,48.68,52.43,69.11,1.53,71.47,47.07
S1457,59.47,55.0,100.0,66.69,2.71,76.87,56.81
S1458,66.7,41.35,54.26,55.69,6.34,58.89,58.6
S1459,57.03,56.34,92.2,80.75,0.37,67.58,69.19
S1460,100.0,59.34,39.2,39.03,1.21,65.17,59.12
S1461,75.53,71.87,44.19,85.52,0.17,64.79,65.93
S1462,64.5,79.62,49.64,81.76,3.41,53.58,67.57
S1463,78.21,46.53,46.78,81.7,1.42,43.88,51.47
S1464,73.32,24.59,57.18,72.76,2.95,59.27,44.6
S1465,71.69,59.62,49.24,100.0,0.93,58.34,60.91
S1466,84.21,65.28,47.25,87.44,4.46,52.48,60.69
S1467,86.36,64.49,82.85,57.86,1.84,79.48,70.94
S1468,67.04,54.12,84.03,58.22,6.9,45.07,64.37
S1469,66.36,62.25,79.09,52.41,0.2,62.08,54.94
S1470,70.87,87.28,71.43,81.03,1.73,84.83,75.19
S1471,40.47,66.87,63.67,50.0,3.49,80.46,57.44
S1472,52.27,53.28,53.05,91.67,2.2,85.68,62.09
S1473,95.5,51.0,44.84,96.46,0.06,54.96,60.59
S1474,99.67,56.94,68.53,52.42,8.61,78.33,74.69
S1475,71.26,89.46,40.87,66.29,0.85,46.93,62.06
S1476,83.65,56.7,44.11,70.33,0.69,60.31,61.84
S1477,79.67,59.64,82.75,87.68,1.6,61.91,78.6
S1478,100.0,51.32,96.21,100.0,1.87,55.21,77.93
S1479,91.79,79.78,69.08,36.29,3.49,58.85,62.15
S1480,73.08,95.28,81.92,63.64,1.2,56.61,62.85
S1481,60.67,68.11,57.57,64.68,1.39,48.3,62.3
S1482,50.9,61.49,37.92,41.99,1.84,79.56,49.92
S1483,78.05,60.66,73.02,60.3,1.2,61.9,72.11
S1484,63.65,17.08,72.25,78.56,5.9,68.42,43.18
S1485,53.67,73.41,63.29,64.43,4.57,67.78,64.95
S1486,65.3,62.41,57.64,39.11,1.46,65.93,51.96
S1487,58.78,67.71,79.32,100.0,0.0,66.58,63.64
S1488,100.0,47.19,44.26,75.32,5.55,59.81,58.75
S1489,88.22,53.08,48.07,72.23,0.32,89.11,67.59
S1490,74.88,52.6,43.85,48.04,0.67,77.93,57.03
S1491,97.2,78.39,63.53,75.21,0.4,65.31,63.84
S1492,76.16,53.18,42.42,66.72,0.48,57.4,55.13
S1493,62.08,97.49,49.68,32.23,3.9,62.98,62.27
S1494,97.85,67.76,49.3,48.59,2.08,72.1,64.48
S1495,83.08,37.04,57.31,85.9,7.5,90.5,71.97
S1496,59.44,57.69,35.23,100.0,0.63,41.66,51.18
S1497,72.14,48.27,63.57,77.34,1.6,76.22,46.9
S1498,61.87,20.5,84.45,92.06,9.1,84.15,64.35
S1499,54.26,88.79,64.44,66.88,4.2,39.73,61.4
S1500,88.89,72.66,89.74,68.27,3.13,61.92,74.57
S1501,100.0,69.6,86.01,91.82,0.5,46.9,81.48
S1502,54.02,62.98,76.0,100.0,3.52,72.32,53.58
S1503,83.44,35.12,63.34,96.02,1.02,58.91,59.93
S1504,65.24,51.29,62.41,48.67,1.81,62.79,48.0
S1505,67.69,75.15,75.75,68.66,2.25,58.01,57.08
S1506,66.11,41.08,54.95,75.55,2.26,77.24,55.49
S1507,62.04,14.43,28.11,64.81,3.11,68.89,46.4
S1508,75.73,55.91,70.86,77.76,2.6,68.93,65.95
S1509,62.54,57.45,41.64,86.41,0.17,67.73,51.15
S1510,79.06,62.44,44.68,90.06,1.47,74.73,62.03
S1511,74.25,73.11,62.0,100.0,2.62,60.55,73.53
S1512,71.42,71.48,60.29,63.41,0.84,93.91,67.63
S1513,61.39,64.66,36.58,42.72,0.9,44.01,43.54
S1514,66.35,81.52,64.98,77.16,0.32,35.66,57.48
S1515,86.33,32.66,79.39,100.0,1.3,34.25,52.77
S1516,82.51,69.08,41.69,60.46,10.39,29.65,57.44
S1517,60.34,71.28,84.9,83.74,0.81,76.44,56.51
S1518,76.49,37.69,33.92,83.91,1.82,74.37,66.78
S1519,86.27,32.95,100.0,73.83,3.26,85.53,64.29
S1520,49.96,46.57,54.6,70.14,0.03,47.04,54.62
S1521,83.15,48.09,64.62,51.53,5.54,77.67,72.5
S1522,65.06,73.56,27.94,24.37,1.17,65.97,48.7
S1523,83.56,48.94,60.88,47.76,4.88,67.83,58.64
S1524,63.55,44.59,66.11,62.19,0.1,75.64,47.03
S1525,47.93,48.99,60.45,91.95,0.38,52.14,50.04
S1526,50.59,80.14,51.86,67.94,0.93,100.0,69.33
S1527,75.72,60.23,44.96,59.62,1.02,87.64,60.29
S1528,78.9,56.77,82.35,52.18,4.52,55.96,63.4
S1529,61.44,58.02,62.55,83.14,0.03,46.46,64.48
S1530,84.58,83.26,89.73,97.17,2.46,63.51,82.08
S1531,50.08,46.51,52.52,91.27,0.34,68.1,52.11
S1532,74.01,83.68,54.17,82.12,4.16,83.12,70.08
S1533,56.83,63.79,76.68,40.49,3.62,45.13,50.09
S1534,65.22,57.11,32.79,62.97,1.66,69.85,48.18
S1535,75.71,100.0,40.16,100.0,0.57,39.01,64.91
S1536,62.09,41.0,81.75,92.44,2.42,72.42,65.73
S1537,69.23,53.63,40.91,39.25,0.41,63.17,41.14
S1538,90.09,37.82,29.26,68.89,0.51,97.92,56.77
S1539,66.35,77.14,95.63,77.26,2.36,38.72,65.45
S1540,87.54,90.41,36.91,54.76,11.37,88.3,64.67
S1541,58.05,90.06,65.31,23.82,5.32,36.03,53.12
S1542,82.95,82.03,63.24,71.98,2.16,42.44,51.98
S1543,96.62,56.44,11.41,54.24,1.86,36.49,45.89
S1544,37.93,53.43,57.19,54.32,12.0,69.26,46.08
S1545,63.05,29.92,70.07,62.91,1.9,45.05,48.97
S1546,83.66,96.65,68.38,67.33,1.31,42.08,55.2
S1547,71.95,68.44,78.26,69.82,5.77,68.45,68.68
S1548,80.57,51.14,55.03,52.32,0.64,72.68,62.27
S1549,65.94,83.91,74.83,65.6,0.25,65.68,64.06
S1550,76.3,42.49,49.59,34.85,2.41,62.24,53.14
S1551,72.66,67.32,36.61,76.22,0.24,96.09,57.04
S1552,92.52,56.89,38.64,12.87,1.12,67.48,42.15
S1553,78.82,71.5,35.68,64.21,1.32,78.7,59.31
S1554,80.06,58.86,80.17,88.38,1.9,67.43,72.86
S1555,68.82,33.88,34.74,48.81,11.49,46.34,40.68
S1556,67.69,61.36,66.93,84.33,0.6,74.35,60.17
S1557,68.51,78.88,57.21,93.11,1.13,53.85,62.78
S1558,80.92,59.47,60.15,3.84,0.34,63.45,68.35
S1559,68.69,73.95,86.54,66.97,2.25,70.19,68.8
S1560,79.35,41.18,54.11,12.48,3.12,32.0,34.09
S1561,100.0,59.53,73.01,67.64,1.58,37.64,53.29
S1562,88.07,48.76,62.68,69.86,0.68,80.46,67.55
S1563,70.11,73.45,59.26,20.35,2.33,53.72,68.57
S1564,93.02,60.57,100.0,100.0,1.86,54.52,75.06
S1565,68.88,72.42,36.06,75.72,0.45,67.83,55.24
S1566,44.43,79.58,85.2,53.02,1.25,58.44,61.07
S1567,59.88,72.45,73.82,99.31,1.37,72.1,62.22
S1568,46.94,64.92,53.37,34.09,9.73,64.13,36.52
S1569,69.73,42.03,91.33,45.42,4.54,68.38,66.25
S1570,75.28,59.95,28.73,24.01,3.18,53.07,43.38
S1571,100.0,50.4,52.61,100.0,5.27,68.29,76.37
S1572,79.9,53.81,40.25,76.65,3.19,83.79,55.69
S1573,71.71,53.26,69.42,83.19,5.61,55.35,64.01
S1574,87.44,42.36,41.96,76.02,0.13,80.56,63.38
S1575,41.83,24.77,69.8,81.48,1.46,64.12,55.16
S1576,78.53,47.97,58.64,71.56,3.3,77.49,62.49
S1577,86.56,63.48,53.37,75.42,2.1,67.19,65.19
S1578,52.82,35.73,69.0,72.15,0.46,64.43,55.37
S1579,92.16,60.28,57.16,57.83,1.0,70.95,65.58
S1580,80.08,94.2,42.4,69.07,0.92,85.63,58.98
S1581,68.77,78.42,100.0,75.47,0.73,69.01,63.83
S1582,84.49,89.58,53.23,72.21,1.01,73.14,55.68
S1583,100.0,67.04,22.08,40.44,1.74,58.74,60.23
S1584,77.73,81.02,46.84,43.1,4.63,91.71,60.58
S1585,78.72,46.97,39.19,91.66,3.25,75.89,64.8
S1586,68.11,48.4,76.87,63.86,4.33,66.32,62.88
S1587,62.25,10.7,67.79,81.69,5.16,62.91,46.37
S1588,87.46,81.35,69.18,48.16,1.29,81.62,67.28
S1589,62.16,87.73,55.34,40.54,1.02,54.69,53.48
S1590,76.07,50.04,56.97,53.13,0.14,34.69,48.28
S1591,67.84,55.43,55.32,65.55,6.4,66.23,64.26
S1592,82.18,46.43,60.54,56.7,0.16,85.23,74.11
S1593,80.0,66.89,77.04,95.88,3.24,92.05,80.69
S1594,90.56,80.25,68.05,73.59,1.14,63.18,70.06
S1595,67.35,28.63,71.0,100.0,7.13,65.74,69.46
S1596,70.95,67.37,70.99,78.09,1.31,73.83,75.44
S1597,60.32,55.02,77.92,21.75,4.07,60.51,44.66
S1598,68.34,62.04,67.19,91.12,0.8,73.78,71.72
S1599,80.66,68.26,68.46,39.81,0.85,63.55,64.88
S1600,86.35,56.61,83.4,74.61,2.17,82.19,77.22
S1601,61.17,58.14,50.03,54.51,12.0,77.29,63.71
S1602,88.04,56.15,46.6,100.0,1.75,78.77,64.95
S1603,95.33,77.47,40.65,98.79,6.61,61.51,83.93
S1604,81.2,67.54,65.29,55.16,3.7,97.74,68.8
S1605,100.0,63.97,28.63,67.45,3.81,73.23,60.26
S1606,63.39,37.12,70.32,74.89,1.37,69.2,59.21
S1607,56.33,53.19,60.03,87.27,1.17,52.06,61.44
S1608,48.32,76.18,82.42,70.58,0.51,63.35,61.55
S1609,97.44,60.68,49.91,49.5,7.97,66.94,66.94
S1610,84.82,71.87,58.34,55.65,7.69,51.61,65.13
S1611,74.17,91.8,82.2,69.91,3.3,60.03,67.52
S1612,79.2,78.69,86.9,94.69,0.84,62.18,68.83
S1613,58.12,61.68,49.76,78.56,0.68,65.95,47.12
S1614,100.0,50.8,65.27,54.53,10.74,35.03,74.38
S1615,76.94,14.04,67.3,82.97,0.17,62.7,52.96
S1616,76.64,56.97,68.73,62.26,4.45,58.59,41.16
S1617,85.89,54.13,57.27,87.81,1.05,64.64,66.29
S1618,82.22,67.03,85.06,100.0,1.3,82.6,77.14
S1619,78.36,57.23,27.99,62.82,4.28,99.89,46.99
S1620,63.14,54.23,54.42,86.03,0.23,76.53,53.19
S1621,82.07,27.97,70.06,55.09,1.05,44.01,48.06
S1622,100.0,43.08,70.23,67.75,7.29,59.13,62.93
S1623,95.18,68.58,86.35,70.59,2.88,75.13,81.6
S1624,98.9,90.89,83.57,66.13,3.37,73.22,77.65
S1625,67.33,58.24,56.86,100.0,3.4,81.78,62.17
S1626,60.16,65.9,85.4,63.87,0.15,63.35,68.02
S1627,73.11,77.14,49.15,81.74,0.55,58.82,64.92
S1628,75.84,45.4,78.76,31.4,1.62,94.79,48.34
S1629,91.41,66.6,94.59,78.64,1.1,66.0,70.34
S1630,49.61,46.67,83.87,92.84,1.27,47.72,59.78
S1631,97.94,75.57,63.9,59.45,3.65,90.08,66.53
S1632,72.63,62.73,56.03,19.8,0.04,39.57,61.03
S1633,68.6,65.37,34.49,69.23,2.59,5.58,50.04
S1634,59.82,45.91,67.59,70.34,0.0,78.08,51.49
S1635,50.18,72.73,41.93,84.48,0.16,80.48,49.54
S1636,87.35,97.52,47.72,100.0,1.26,72.04,79.29
S1637,76.1,41.86,40.57,62.4,4.41,42.86,47.47
S1638,55.65,53.88,53.71,52.87,0.38,64.0,52.23
S1639,55.57,64.17,61.5,46.66,1.94,60.27,46.11
S1640,69.96,74.16,66.93,73.96,2.72,55.87,64.17
S1641,100.0,49.93,51.19,79.59,0.63,89.01,62.56
S1642,71.11,9.01,81.25,59.09,1.72,47.21,48.38
S1643,52.45,84.47,58.25,85.57,5.82,70.37,59.66
S1644,71.31,73.69,47.82,79.31,1.72,85.3,69.57
S1645,70.91,28.63,66.07,70.86,0.41,71.48,51.7
S1646,34.55,49.06,97.34,51.95,2.37,86.1,54.65
S1647,74.19,88.23,68.03,60.36,2.15,74.58,66.82
S1648,71.54,86.06,55.47,21.4,0.07,72.3,66.34
S1649,85.44,76.9,34.51,74.72,0.23,71.24,67.43
S1650,100.0,56.83,58.05,70.53,0.41,75.43,71.05
S1651,91.9,61.49,66.23,73.77,0.35,58.45,56.14
S1652,70.97,57.64,55.02,80.09,0.72,42.87,53.0
S1653,58.4,80.31,32.02,77.72,1.45,81.22,64.7
S1654,100.0,44.23,46.69,67.79,1.12,84.75,55.36
S1655,75.89,45.5,88.18,70.97,5.31,69.28,66.44
S1656,75.21,78.18,87.81,41.91,2.27,55.68,58.6
S1657,74.64,59.2,46.04,58.33,5.01,38.52,49.03
S1658,77.97,84.81,74.11,71.01,1.8,66.46,79.56
S1659,72.83,47.91,40.79,55.28,0.23,42.07,52.88
S1660,66.4,59.01,87.28,87.2,1.49,39.69,69.55
S1661,66.8,43.4,66.41,56.83,4.14,64.65,60.42
S1662,74.51,60.13,79.09,74.33,0.52,52.02,62.25
S1663,66.85,33.39,31.13,72.33,0.23,70.87,43.52
S1664,64.31,51.22,74.2,84.93,0.96,62.29,58.2
S1665,76.6,34.15,61.86,88.02,1.18,54.69,56.46
S1666,71.18,72.49,77.33,83.88,0.88,36.02,75.04
S1667,97.56,72.9,78.47,27.88,0.35,50.5,56.05
S1668,35.24,28.86,63.18,93.88,0.69,51.13,43.44
S1669,91.37,84.01,51.19,100.0,2.75,44.17,65.2
S1670,93.69,100.0,76.03,60.36,1.17,59.41,80.55
S1671,43.9,60.83,60.92,74.73,2.4,45.5,63.41
S1672,69.86,48.46,46.29,52.18,1.84,62.22,53.24
S1673,69.43,100.0,45.44,31.03,1.91,69.09,61.31
S1674,53.89,36.26,35.41,55.23,0.69,50.96,42.08
S1675,63.33,60.36,52.81,59.2,1.77,72.23,58.08
S1676,58.34,63.23,81.85,62.9,0.06,41.86,61.89
S1677,100.0,84.21,65.2,50.82,1.36,46.09,70.35
S1678,89.04,66.48,52.46,55.33,2.04,63.08,64.67
S1679,94.07,51.02,76.49,69.78,0.48,76.68,72.05
S1680,85.83,42.88,47.02,54.6,0.71,79.75,45.29
S1681,58.06,53.85,63.72,80.87,0.59,92.41,59.71
S1682,67.13,41.88,58.77,83.63,0.18,58.6,57.24
S1683,82.34,60.86,76.02,100.0,1.03,62.83,72.26
S1684,56.67,49.84,33.61,92.51,9.27,47.44,53.09
S1685,85.69,33.11,46.7,74.86,1.05,43.69,54.47
S1686,71.4,82.59,32.51,57.59,1.48,68.89,52.82
S1687,69.38,51.04,57.33,75.87,2.54,51.81,46.2
S1688,85.66,37.17,83.81,76.53,2.51,85.95,72.84
S1689,81.66,56.97,52.9,59.73,7.18,40.14,52.15
S1690,69.59,61.23,52.81,85.67,4.68,73.27,61.76
S1691,92.39,28.56,77.69,42.04,3.79,47.9,52.85
S1692,58.78,65.97,81.23,65.11,7.27,51.05,72.17
S1693,84.24,41.15,60.41,81.12,0.63,74.16,60.79
S1694,83.9,90.8,74.32,64.25,2.3,53.51,68.28
S1695,70.36,69.43,42.61,65.86,5.24,56.23,62.61
S1696,79.89,52.8,86.8,67.24,2.35,51.19,77.21
S1697,56.23,46.59,100.0,53.29,9.1,95.35,67.89
S1698,88.86,58.11,71.38,93.48,0.25,54.5,65.45
S1699,72.23,71.03,24.48,49.64,1.39,65.88,56.07
S1700,67.16,59.54,51.95,76.36,9.09,61.57,51.81
S1701,90.74,56.09,73.03,78.27,1.15,68.76,67.98
S1702,64.43,61.05,54.41,51.03,3.23,54.55,65.89
S1703,53.87,49.13,84.9,71.46,0.07,61.59,58.14
S1704,51.65,53.82,72.59,51.81,2.85,71.7,55.21
S1705,84.09,22.46,49.28,97.82,6.55,50.33,58.47
S1706,55.79,77.53,62.58,47.22,1.16,83.52,55.61
S1707,100.0,65.38,45.91,56.92,0.05,85.15,66.22
S1708,43.77,46.08,58.71,45.52,0.07,75.31,50.94
S1709,100.0,94.18,52.02,42.85,5.34,66.19,67.96
S1710,78.17,61.57,83.15,100.0,3.08,14.16,51.49
S1711,73.55,41.35,100.0,80.86,0.27,72.21,68.94
S1712,66.83,75.42,36.24,72.81,0.13,58.35,68.66
S1713,80.99,67.16,27.38,56.87,3.92,60.81,53.47
S1714,74.44,67.1,57.59,88.15,3.98,32.74,53.21
S1715,91.55,52.34,34.67,53.52,0.31,73.39,59.87
S1716,76.71,68.11,62.83,85.87,0.86,40.37,73.18
S1717,77.25,55.29,75.48,52.55,3.63,67.01,65.04
S1718,69.55,70.01,88.89,57.11,1.79,80.38,77.01
S1719,74.15,25.71,65.63,85.17,7.53,57.02,63.81
S1720,79.62,52.19,58.52,87.28,1.57,85.67,68.73
S1721,49.35,91.0,26.39,81.95,2.71,52.3,51.58
S1722,54.78,46.19,62.47,49.01,1.71,75.21,52.87
S1723,86.15,49.13,63.28,61.07,6.87,42.82,60.72
S1724,77.56,51.94,73.5,73.14,1.22,82.53,63.93
S1725,72.24,38.13,49.25,53.01,0.63,79.89,50.27
S1726,75.28,20.25,54.17,97.42,0.95,72.96,57.44
S1727,80.21,55.85,35.4,21.96,4.6,58.31,41.95
S1728,66.9,62.45,20.76,54.43,1.65,41.17,51.34
S1729,63.33,59.05,42.05,59.81,1.05,58.36,46.12
S1730,77.94,57.39,33.73,13.12,1.89,83.88,47.51
S1731,60.32,60.77,68.06,42.08,0.34,67.21,56.04
S1732,81.12,78.41,52.67,82.51,0.01,38.6,57.18
S1733,49.46,56.57,52.31,70.61,0.79,45.88,37.92
S1734,90.44,49.67,44.28,100.0,2.23,86.3,63.85
S1735,82.09,54.94,3.81,100.0,2.98,73.29,47.51
S1736,78.84,70.43,89.15,78.66,4.21,44.02,74.2
S1737,89.74,85.42,44.0,76.26,6.27,34.98,59.47
S1738,99.98,48.69,54.58,71.32,1.27,54.37,71.33
S1739,90.22,61.78,35.81,16.9,3.24,33.53,49.54
S1740,47.39,66.09,79.49,42.11,0.19,62.35,53.96
S1741,55.81,42.13,64.58,72.01,0.14,100.0,44.28
S1742,65.63,60.37,47.13,82.32,0.32,37.85,55.07
S1743,75.39,33.62,54.94,75.79,1.43,61.84,54.35
S1744,82.76,28.16,92.21,52.15,0.57,87.3,53.81
S1745,64.11,66.6,60.69,88.75,0.81,77.73,63.5
S1746,77.8,53.09,58.73,99.65,2.51,62.47,61.87
S1747,63.67,63.64,45.06,88.76,1.07,62.51,56.45
S1748,65.83,59.68,27.9,89.79,1.96,45.35,53.11
S1749,53.9,42.42,59.12,58.82,1.28,60.45,46.46
S1750,61.15,59.19,67.86,91.52,0.44,69.14,63.04
S1751,54.72,37.8,81.79,72.92,0.18,83.79,56.49
S1752,60.36,85.04,21.53,80.23,0.65,54.46,57.04
S1753,90.8,35.59,41.75,77.31,0.14,61.77,52.84
S1754,60.76,56.48,51.55,67.57,2.31,48.86,46.58
S1755,100.0,41.24,61.94,52.8,3.81,68.83,58.09
S1756,82.4,70.27,59.39,68.36,1.0,78.32,73.77
S1757,77.77,54.03,59.81,89.74,1.17,75.7,69.57
S1758,62.12,50.66,69.35,61.17,4.07,45.11,62.53
S1759,85.5,75.36,45.74,87.87,0.6,67.5,73.52
S1760,66.37,60.53,78.81,84.74,0.3,53.49,59.87
S1761,76.83,69.3,69.8,64.02,1.67,82.19,67.46
S1762,100.0,42.34,56.24,97.78,2.49,62.26,67.31
S1763,73.56,34.71,90.82,62.89,2.2,39.17,61.9
S1764,92.24,61.93,90.02,100.0,3.0,61.26,74.34
S1765,64.45,54.26,78.79,78.68,0.14,72.79,62.43
S1766,74.48,71.28,7.67,69.68,1.34,69.15,52.88
S1767,100.0,58.56,90.42,52.24,0.65,56.3,71.78
S1768,65.6,63.69,76.31,68.23,3.42,55.05,65.78
S1769,100.0,30.78,98.12,65.92,4.95,48.21,68.52
S1770,85.62,93.99,84.27,44.83,0.79,58.29,70.75
S1771,66.56,57.04,90.41,65.65,0.24,50.45,62.5
S1772,84.49,72.56,77.82,53.92,0.7,81.49,77.66
S1773,89.59,44.95,86.28,81.72,0.26,49.68,55.62
S1774,84.33,65.54,97.89,96.13,0.93,67.08,69.55
S1775,51.45,36.55,65.9,45.46,1.85,65.92,51.73
S1776,64.09,68.14,33.7,100.0,8.73,81.08,65.48
S1777,71.29,53.59,56.47,67.43,1.22,83.52,60.49
S1778,73.88,60.53,69.02,50.5,0.6,76.83,63.94
S1779,84.31,72.56,63.35,85.16,0.44,71.0,69.64
S1780,77.67,37.81,39.56,61.07,0.46,47.17,45.64
S1781,54.97,47.68,32.64,68.37,0.51,46.83,48.77
S1782,80.7,68.23,48.66,61.91,3.45,50.62,59.75
S1783,84.16,97.77,76.54,53.67,0.15,77.78,69.12
S1784,83.4,57.51,90.45,84.48,12.0,66.25,79.88
S1785,91.21,70.64,78.5,64.27,1.77,79.77,75.04
S1786,87.51,58.07,81.03,41.27,1.89,82.05,66.33
S1787,81.89,94.96,60.55,81.02,1.06,52.66,79.83
S1788,73.95,28.55,30.64,45.89,2.81,65.55,53.13
S1789,50.09,61.7,53.81,46.93,1.53,64.78,55.92
S1790,81.44,30.74,57.34,93.85,0.96,59.43,73.88
S1791,78.12,14.88,53.05,46.07,0.74,55.91,45.11
S1792,79.07,65.35,62.98,23.67,6.24,85.14,57.83
S1793,55.85,62.51,69.95,82.46,0.83,65.88,64.99
S1794,58.78,54.87,77.35,63.92,1.38,65.22,56.42
S1795,90.8,58.09,56.99,65.65,1.04,51.35,61.29
S1796,74.41,100.0,27.73,63.71,0.22,76.48,55.55
S1797,85.22,55.35,53.31,74.63,0.49,47.91,62.91
S1798,75.42,69.18,62.79,54.95,0.5,72.73,52.19
S1799,75.45,48.31,84.01,99.52,2.84,73.2,68.42
S1800,89.07,65.31,51.78,40.48,1.25,57.99,58.09
S1801,67.26,55.71,71.23,78.9,3.66,70.4,60.29
S1802,76.44,52.61,67.22,82.84,2.96,68.16,53.26
S1803,68.07,92.74,62.79,54.81,0.51,64.33,52.44
S1804,68.48,81.19,78.75,49.53,1.99,65.22,59.58
S1805,70.36,62.46,50.1,90.34,3.26,66.05,65.12
S1806,78.33,18.52,51.65,50.18,2.41,67.21,50.8
S1807,67.82,53.5,61.79,57.87,2.2,66.02,56.3
S1808,93.84,100.0,50.48,87.75,3.23,46.23,67.65
S1809,61.58,55.85,71.14,70.69,0.14,62.41,59.76
S1810,72.2,79.86,49.16,34.06,3.16,69.5,46.7
S1811,68.4,85.95,66.07,100.0,0.76,66.65,55.17
S1812,96.7,63.94,60.2,59.4,2.04,81.21,65.59
S1813,77.95,44.85,65.87,61.94,0.67,75.54,55.53
S1814,90.48,16.16,53.72,75.12,4.38,50.2,61.15
S1815,52.72,72.31,55.9,82.5,1.57,62.17,59.15
S1816,79.01,45.33,63.73,100.0,2.47,59.71,73.67
S1817,88.34,63.17,65.64,36.8,3.79,64.93,58.47
S1818,76.23,37.5,61.92,86.52,5.42,64.95,64.05
S1819,90.98,55.23,92.7,84.86,3.16,75.4,72.67
S1820,67.24,60.61,44.17,67.26,0.39,68.01,63.14
S1821,96.14,64.83,60.84,85.75,4.63,85.92,71.71
S1822,100.0,39.93,33.67,88.69,2.31,69.1,66.22
S1823,69.56,81.54,68.7,42.36,2.26,50.88,53.54
S1824,68.32,49.26,41.93,100.0,6.1,57.06,56.58
S1825,96.8,29.86,56.99,38.82,0.69,75.26,54.76
S1826,98.69,58.04,55.3,47.29,0.66,37.56,66.1
S1827,67.16,60.62,67.06,64.76,1.73,42.12,43.93
S1828,68.7,62.89,52.05,100.0,3.34,65.18,61.35
S1829,70.77,84.52,51.28,63.83,1.42,81.17,61.06
S1830,54.83,55.74,87.85,69.36,2.41,87.22,50.3
S1831,61.22,57.85,67.12,98.64,1.45,61.31,59.16
S1832,59.94,40.14,51.9,63.99,2.26,83.03,43.18
S1833,63.48,74.77,57.48,46.43,4.15,66.23,44.0
S1834,74.48,63.32,91.62,61.66,0.48,38.97,61.42
S1835,78.51,52.44,57.77,97.42,2.85,64.86,62.42
S1836,98.26,25.72,49.59,71.42,3.72,54.48,56.18
S1837,60.02,86.0,49.67,100.0,1.42,80.61,67.43
S1838,89.76,37.9,52.12,84.76,0.94,64.56,54.81
S1839,71.79,49.36,51.3,57.1,0.03,43.28,61.73
S1840,74.26,66.45,38.97,71.02,3.83,39.5,55.97
S1841,85.12,38.46,41.76,52.94,0.95,64.64,59.93
S1842,58.16,33.12,47.07,56.63,1.06,23.86,31.91
S1843,80.74,21.77,72.65,100.0,0.98,56.19,55.17
S1844,77.5,72.98,55.14,90.37,1.66,68.93,70.39
S1845,82.39,50.19,58.27,87.22,2.91,47.03,60.17
S1846,79.34,100.0,84.86,57.54,3.55,81.9,68.96
S1847,100.0,42.1,85.31,100.0,1.2,85.25,63.57
S1848,65.43,43.41,56.92,91.99,2.61,47.72,60.7
S1849,67.04,49.82,50.64,100.0,3.06,59.93,63.29
S1850,65.65,64.38,46.44,100.0,0.85,81.91,63.65
S1851,66.67,51.54,74.47,40.42,0.24,64.98,51.58
S1852,65.44,71.02,58.32,47.8,5.4,41.29,49.55
S1853,92.84,42.39,55.04,49.92,2.71,62.56,57.48
S1854,96.31,35.13,47.35,51.12,2.51,50.5,46.65
S1855,66.44,27.63,48.15,76.47,0.15,83.84,47.18
S1856,62.51,19.98,67.76,58.66,4.09,75.3,59.12
S1857,82.07,50.67,38.32,100.0,2.0,59.67,49.18
S1858,66.72,54.58,79.91,100.0,4.52,67.42,71.64
S1859,84.49,48.63,52.39,69.87,8.81,42.76,69.46
S1860,78.04,82.38,59.31,100.0,7.56,52.19,76.74
S1861,52.26,82.1,37.93,99.76,4.65,91.41,65.89
S1862,98.21,53.97,61.78,60.99,0.03,65.91,60.67
S1863,100.0,27.71,56.09,29.82,5.21,80.81,53.04
S1864,65.81,49.8,61.1,65.64,0.19,68.94,41.98
S1865,69.18,49.2,88.49,57.11,4.57,87.34,64.64
S1866,79.29,48.17,65.2,74.13,0.79,31.02,54.7
S1867,80.02,47.44,47.7,71.78,2.26,61.8,52.92
S1868,84.88,48.24,49.2,71.26,0.09,92.96,60.62
S1869,100.0,53.04,72.71,80.47,3.54,81.25,72.49
S1870,72.35,48.56,85.38,45.75,0.28,87.53,56.82
S1871,63.03,63.75,67.07,78.23,1.27,64.89,70.46
S1872,54.31,66.49,74.4,61.21,4.08,55.87,62.95
S1873,64.04,43.61,72.98,74.0,2.85,47.54,61.98
S1874,74.5,82.88,87.54,89.15,0.01,46.35,70.11
S1875,100.0,42.36,26.91,45.51,1.24,78.72,57.24
S1876,67.24,30.88,74.01,64.37,0.1,73.72,49.49
S1877,78.36,66.85,79.71,67.63,2.69,63.87,70.77
S1878,74.75,45.29,37.9,59.71,8.33,73.64,54.59
S1879,92.83,65.78,46.06,88.0,2.56,67.42,60.66
S1880,100.0,16.73,46.69,55.59,0.61,81.36,54.33
S1881,67.04,85.06,48.88,58.89,1.05,81.2,59.28
S1882,67.66,72.1,53.33,55.8,9.02,46.88,73.51
S1883,90.66,32.99,66.37,91.84,0.61,69.65,66.2
S1884,85.23,33.38,77.58,60.15,1.98,36.63,66.65
S1885,100.0,90.1,81.46,79.2,1.23,67.26,85.32
S1886,83.76,46.73,46.92,100.0,3.51,75.27,64.18
S1887,69.61,44.98,46.8,68.5,4.85,42.67,50.06
S1888,83.86,19.21,85.68,92.24,1.0,57.92,51.63
S1889,91.63,53.69,73.64,100.0,2.59,65.16,65.96
S1890,87.31,55.9,63.49,90.54,1.91,68.98,71.12
S1891,82.61,72.88,70.52,69.66,0.78,60.26,64.39
S1892,91.0,34.82,61.46,82.84,0.76,45.07,61.58
S1893,92.54,32.63,71.44,44.25,1.86,64.08,45.74
S1894,95.73,68.12,55.95,54.4,0.4,36.91,63.52
S1895,84.73,78.12,66.84,57.91,4.0,61.05,73.54
S1896,72.49,31.72,34.81,100.0,0.17,57.5,41.61
S1897,77.2,79.47,49.62,53.75,0.24,62.72,61.8
S1898,93.1,60.68,49.81,53.45,1.01,55.49,67.5
S1899,62.75,79.65,55.26,49.12,0.3,39.37,64.21
S1900,80.53,58.74,45.32,81.2,1.55,58.77,56.75
S1901,69.1,14.6,52.4,72.85,1.22,80.82,54.98
S1902,75.43,57.26,34.74,91.74,3.07,86.44,69.78
S1903,94.18,79.08,71.88,83.43,7.34,100.0,82.33
S1904,77.87,43.91,60.51,42.39,3.36,93.76,65.48
S1905,75.7,53.02,31.31,53.85,0.47,44.65,48.35
S1906,54.6,56.83,46.97,97.31,6.58,58.06,60.47
S1907,86.19,7.81,68.06,65.93,1.19,64.61,49.94
S1908,84.68,90.08,52.23,93.75,1.54,63.55,69.83
S1909,100.0,43.78,49.46,67.01,1.31,66.18,63.57
S1910,70.38,69.1,60.66,50.65,0.79,100.0,57.36
S1911,78.29,58.44,68.18,63.93,5.41,46.61,60.51
S1912,78.74,82.64,36.15,50.64,0.97,52.87,61.37
S1913,98.66,67.31,71.9,58.69,2.07,92.95,83.96
S1914,73.57,55.77,47.59,74.02,0.66,54.53,43.65
S1915,79.19,43.92,61.68,80.23,3.83,71.69,73.89
S1916,84.12,74.36,61.36,38.2,3.57,82.59,62.39
S1917,77.8,26.28,52.51,69.65,0.84,73.27,59.19
S1918,68.3,71.63,43.57,58.27,2.75,68.26,64.02
S1919,77.91,40.22,56.86,57.03,2.92,80.96,66.39
S1920,91.1,82.54,91.26,72.65,1.98,49.82,70.04
S1921,59.6,62.9,37.49,58.99,2.2,56.56,49.23
S1922,76.99,71.59,92.46,97.64,2.05,74.11,74.82
S1923,64.5,61.48,57.33,93.76,0.2,29.82,54.89
S1924,92.93,28.46,62.64,93.64,2.66,89.08,73.65
S1925,52.15,44.51,42.44,60.1,1.52,70.16,46.76
S1926,66.62,72.1,48.12,50.75,1.38,67.6,46.05
S1927,80.66,63.0,52.95,71.64,4.72,37.28,56.39
S1928,98.48,81.26,43.18,66.99,0.06,43.13,54.43
S1929,74.01,67.26,58.24,57.82,0.69,58.22,57.08
S1930,66.67,42.6,54.67,46.49,0.31,78.73,55.16
S1931,100.0,45.67,95.31,69.17,0.09,29.7,62.66
S1932,53.28,61.85,41.01,61.92,0.77,78.4,48.99
S1933,42.02,18.35,63.85,83.77,10.71,58.88,49.1
S1934,81.6,90.12,66.46,83.3,0.76,61.2,71.55
S1935,67.47,67.95,42.73,92.02,2.62,69.31,64.14
S1936,59.68,82.09,74.36,44.81,0.3,69.58,64.88
S1937,85.63,31.55,54.83,78.02,2.21,52.89,70.31
S1938,78.66,82.4,17.14,55.45,10.0,75.62,61.19
S1939,66.54,100.0,73.88,45.59,0.83,25.57,65.63
S1940,55.8,36.22,41.9,61.43,4.52,57.34,37.26
S1941,88.09,73.89,43.14,91.37,12.0,67.61,69.62
S1942,84.75,60.02,74.38,62.55,2.13,59.14,62.81
S1943,73.51,32.2,55.75,100.0,0.89,33.94,48.7
S1944,100.0,68.87,78.52,80.98,2.69,77.89,72.54
S1945,58.95,75.0,83.78,62.12,4.47,43.78,61.78
S1946,52.12,49.18,50.39,93.2,0.45,63.85,50.51
S1947,64.62,80.99,76.28,78.91,1.45,67.6,82.54
S1948,74.32,30.0,48.4,51.35,0.92,65.34,52.03
S1949,78.65,33.09,100.0,100.0,0.8,84.87,82.17
S1950,71.38,62.46,49.53,75.19,4.73,64.09,69.25
S1951,80.28,60.46,80.47,70.38,1.31,72.27,62.86
S1952,56.23,47.1,77.19,52.89,0.99,64.05,53.98
S1953,96.66,74.57,67.69,93.59,2.22,75.42,72.7
S1954,73.77,69.56,49.93,80.35,0.59,88.69,62.59
S1955,91.76,75.45,59.27,82.58,0.63,67.34,63.46
S1956,80.14,57.78,23.24,59.85,1.76,78.29,51.28
S1957,81.85,70.85,66.04,86.68,1.26,89.74,72.61
S1958,83.55,51.98,68.29,88.24,0.84,88.07,69.4
S1959,81.72,96.97,64.4,56.62,0.13,58.45,68.63
S1960,84.64,45.37,8.48,41.66,1.77,82.62,46.97
S1961,94.94,97.9,39.22,81.63,4.07,69.23,77.52
S1962,77.95,60.63,48.53,38.53,4.58,83.99,56.24
S1963,85.64,35.24,67.25,73.04,0.64,74.67,69.0
S1964,73.65,84.63,67.21,61.06,2.2,69.69,54.92
S1965,96.6,62.27,58.94,94.37,4.65,72.38,76.05
S1966,64.85,75.32,73.43,62.14,1.26,69.34,65.78
S1967,100.0,82.03,43.53,92.15,6.46,70.0,70.11
S1968,74.4,66.08,72.98,59.72,5.6,62.3,62.27
S1969,53.54,49.34,70.55,90.0,0.56,60.72,60.0
S1970,76.92,77.56,68.8,100.0,0.72,94.97,78.85
S1971,64.78,60.01,58.72,48.64,0.48,73.12,44.29
S1972,87.61,72.35,94.95,75.84,0.52,55.25,76.3
S1973,65.21,21.23,70.88,100.0,5.72,60.28,55.87
S1974,68.31,68.05,44.57,71.33,6.42,82.96,68.56
S1975,46.66,48.51,66.47,71.24,0.13,52.48,39.62
S1976,68.22,89.76,75.54,85.77,2.16,39.81,82.71
S1977,38.64,71.22,51.41,70.82,1.99,41.06,44.6
S1978,51.24,64.32,81.61,35.86,1.19,35.61,60.11
S1979,86.41,68.75,68.88,92.65,2.4,42.92,68.1
S1980,86.79,42.03,19.84,29.94,7.07,44.93,41.67
S1981,81.38,89.22,67.39,61.66,0.45,88.55,71.59
S1982,60.5,95.84,54.69,94.15,0.31,64.21,72.1
S1983,74.28,67.07,71.67,62.87,0.08,58.82,52.36
S1984,74.95,88.63,79.0,56.13,1.09,40.46,69.48
S1985,57.62,49.76,65.51,87.59,0.99,62.57,57.28
S1986,97.55,45.65,91.97,52.98,1.35,35.47,67.54
S1987,88.16,60.74,58.78,45.56,1.68,58.72,59.56
S1988,71.69,67.83,73.25,75.49,3.4,100.0,65.73
S1989,75.4,52.91,76.49,66.34,1.19,76.28,56.23
S1990,78.13,69.68,60.25,45.13,0.96,61.43,62.95
S1991,44.37,65.52,76.02,82.74,4.21,76.87,65.61
S1992,71.29,42.03,51.3,79.29,4.55,56.13,60.24
S1993,64.77,69.34,54.39,62.8,0.64,51.39,58.38
S1994,59.98,75.54,38.38,64.17,0.91,93.97,62.92
S1995,70.78,63.09,66.35,79.41,4.18,45.58,70.58
S1996,100.0,80.75,67.85,93.81,0.2,58.98,63.53
S1997,84.61,38.09,83.23,64.34,0.95,70.2,48.51
S1998,66.43,68.42,76.24,83.09,1.43,49.08,73.93
S1999,83.59,38.93,56.87,81.3,0.5,76.06,52.06
S2000,95.99,39.95,40.79,87.59,0.48,59.79,52.98
S2001,88.87,48.64,69.79,70.79,1.33,76.29,63.09
S2002,75.89,43.04,81.99,51.75,3.37,74.96,51.0
S2003,65.3,50.14,75.59,60.75,4.4,60.87,56.58
S2004,85.47,56.15,81.52,76.86,9.3,94.08,68.8
S2005,80.9,75.07,58.19,100.0,0.18,53.69,65.94
S2006,88.43,54.22,53.6,60.32,0.59,87.93,63.48
S2007,84.53,31.46,48.74,86.1,3.39,84.97,58.22
S2008,90.74,80.52,60.99,63.44,1.87,95.1,68.58
S2009,66.97,44.93,60.59,72.21,0.95,67.96,57.5
S2010,94.76,58.94,65.72,100.0,0.55,51.59,75.32
S2011,77.96,68.04,59.67,85.29,0.79,100.0,77.84
S2012,100.0,63.59,59.59,45.17,1.35,59.31,61.71
S2013,64.66,79.7,48.02,58.55,0.47,51.17,66.79
S2014,100.0,68.62,78.95,95.12,7.99,61.77,84.22
S2015,77.97,44.5,63.38,72.84,0.27,48.31,49.57
S2016,65.23,99.21,58.86,47.02,10.17,73.94,59.89
S2017,67.74,63.5,48.55,53.62,4.43,54.7,51.61
S2018,70.19,57.35,38.03,84.07,1.32,60.11,64.57
S2019,81.36,77.35,85.54,89.89,3.23,81.45,73.16
S2020,82.84,64.49,71.98,70.36,2.67,75.6,56.1
S2021,66.39,67.19,32.77,100.0,0.58,65.26,57.03
S2022,74.63,100.0,75.74,86.48,0.99,67.9,62.18
S2023,100.0,55.05,78.6,65.13,1.73,65.21,62.55
S2024,100.0,54.28,64.24,53.69,2.44,57.67,60.22
S2025,81.54,62.1,90.77,50.5,1.88,64.96,66.87
S2026,75.57,79.29,65.9,76.71,1.54,73.34,73.68
S2027,76.8,32.88,36.5,60.22,1.41,62.86,53.26
S2028,84.2,24.62,68.57,100.0,1.66,72.14,55.65
S2029,59.66,49.43,66.41,99.33,1.37,50.78,56.51
S2030,71.14,30.59,51.14,82.66,1.87,54.73,53.4
S2031,49.97,52.35,72.32,46.42,5.25,52.52,50.7
S2032,80.99,69.04,31.98,56.56,2.4,55.39,54.06
S2033,84.71,43.97,79.83,95.11,3.08,86.88,60.09
S2034,67.75,34.32,46.19,58.74,2.18,77.34,43.76
S2035,98.61,61.25,44.27,92.44,2.47,46.69,63.11
S2036,56.61,75.53,59.95,79.49,2.07,72.44,42.89
S2037,53.03,29.49,69.79,71.03,0.07,58.36,53.48
S2038,78.37,74.76,64.95,55.94,12.0,53.4,59.03
S2039,90.71,74.71,48.63,68.12,0.08,39.74,65.7
S2040,100.0,77.17,52.89,73.79,1.21,81.52,74.43
S2041,68.12,81.93,41.61,90.65,0.27,41.81,56.39
S2042,91.18,99.64,57.96,52.29,0.24,64.12,74.69
S2043,74.42,53.59,81.35,64.74,3.79,48.91,66.55
S2044,72.41,61.97,61.92,70.9,1.33,78.19,60.15
S2045,88.25,52.5,77.47,83.25,3.88,59.32,65.89
S2046,84.78,60.04,88.2,51.83,0.76,62.71,71.85
S2047,51.35,87.59,51.42,43.67,0.71,63.29,55.27
S2048,97.15,35.79,58.64,83.48,0.69,70.14,69.32
S2049,95.7,44.5,100.0,39.64,2.3,65.22,52.11
S2050,65.62,84.79,88.0,95.7,4.05,64.26,74.36
S2051,80.94,78.36,31.9,66.88,1.44,56.19,49.19
S2052,82.41,53.46,68.97,39.05,1.14,38.23,55.19
S2053,78.91,75.38,62.01,60.39,8.72,45.98,69.51
S2054,66.75,66.14,76.88,77.58,0.3,77.21,75.23
S2055,64.93,87.0,48.59,59.35,1.6,59.8,53.4
S2056,74.62,61.34,46.89,70.4,1.26,53.71,53.71
S2057,92.59,78.46,49.83,84.8,0.25,41.1,65.19
S2058,83.15,100.0,51.71,65.96,0.75,35.77,59.13
S2059,69.44,70.77,76.68,51.26,0.07,53.05,65.75
S2060,86.58,60.89,40.74,64.02,5.03,80.1,61.68
S2061,32.27,73.0,50.79,98.3,2.25,55.53,54.98
S2062,92.23,53.42,29.8,100.0,4.05,71.81,67.63
S2063,48.9,100.0,80.13,29.6,1.77,54.75,58.62
S2064,69.56,63.24,84.88,91.82,2.2,75.86,64.57
S2065,58.2,55.09,56.11,75.0,2.9,59.02,55.01
S2066,55.58,44.96,56.64,88.48,5.73,44.06,49.62
S2067,92.41,79.75,70.16,58.99,0.23,60.43,68.74
S2068,67.98,75.61,88.54,34.63,0.96,96.18,71.1
S2069,80.2,51.05,69.35,81.69,2.96,95.43,60.36
S2070,74.3,70.38,49.44,51.18,7.63,73.27,52.16
S2071,82.16,32.85,32.86,42.23,9.49,62.67,51.32
S2072,76.15,63.33,41.93,43.63,2.44,70.17,50.26
S2073,55.76,68.15,63.32,82.02,0.52,70.39,60.02
S2074,89.94,90.73,50.2,72.79,0.3,64.32,70.1
S2075,67.59,46.13,65.51,85.65,7.01,72.5,49.96
S2076,51.65,36.99,52.05,83.38,1.37,68.54,54.9
S2077,68.58,43.88,42.95,61.58,0.52,59.63,42.95
S2078,97.51,35.94,40.81,68.59,6.52,44.68,57.61
S2079,87.75,84.06,90.12,59.77,0.26,57.18,67.63
S2080,69.77,87.88,78.0,65.79,3.14,78.59,66.6
S2081,69.76,65.76,93.15,50.65,2.36,64.47,74.61
S2082,70.18,81.98,71.72,77.81,0.22,70.1,68.99
S2083,100.0,62.41,54.26,91.5,0.99,60.19,74.0
S2084,80.73,58.29,85.82,53.67,0.39,46.99,62.85
S2085,81.45,54.01,61.4,95.63,2.23,60.94,68.72
S2086,90.45,54.41,65.98,72.27,1.56,47.62,65.58
S2087,78.58,32.14,61.23,74.82,0.01,46.53,55.73
S2088,71.11,64.76,8.96,36.01,8.92,85.5,57.58
S2089,72.05,59.27,90.89,33.85,1.03,57.86,60.36
S2090,73.93,73.42,70.84,72.88,0.72,52.39,77.57
S2091,74.44,61.68,67.94,85.79,0.6,92.51,72.72
S2092,85.91,57.07,60.89,56.57,0.42,78.85,54.81
S2093,75.78,44.32,64.94,100.0,12.0,58.68,66.61
S2094,85.99,61.3,51.25,84.7,0.84,72.27,66.74
S2095,73.79,73.29,73.1,51.83,1.25,60.99,62.49
S2096,76.18,39.42,38.47,70.62,4.92,53.22,57.12
S2097,45.03,61.57,65.35,100.0,2.46,73.07,64.96
S2098,88.74,64.19,72.11,45.15,1.1,59.49,54.56
S2099,80.2,47.07,58.42,80.57,5.49,66.28,70.29
S2100,89.97,49.42,68.68,63.55,3.32,82.36,62.56
S2101,31.56,64.15,44.16,84.14,0.62,80.49,46.96
S2102,100.0,39.6,44.62,95.35,2.48,55.65,59.35
S2103,72.91,66.3,66.26,62.28,6.13,73.26,69.32
S2104,91.62,43.88,74.21,92.38,1.65,45.83,64.19
S2105,59.4,79.13,28.25,100.0,3.17,72.66,56.2
S2106,84.19,100.0,71.4,71.33,8.51,67.52,74.49
S2107,59.2,44.51,52.22,85.7,2.81,71.44,44.78
S2108,65.64,69.62,58.53,58.19,0.26,59.94,51.84
S2109,100.0,46.92,37.89,70.39,0.67,100.0,55.42
S2110,72.14,78.74,46.67,66.47,2.17,49.68,57.52
S2111,78.26,37.23,79.39,85.94,0.77,81.52,68.3
S2112,88.05,68.65,62.59,94.09,7.58,47.46,74.24
S2113,82.44,44.29,55.11,67.81,1.25,73.57,66.18
S2114,77.26,56.27,59.9,100.0,1.47,74.79,71.97
S2115,80.47,41.44,70.81,100.0,2.9,65.93,62.44
S2116,100.0,74.8,69.93,86.94,1.78,56.58,73.65
S2117,74.14,44.93,60.65,59.68,1.16,67.4,55.73
S2118,78.02,69.94,81.67,57.76,0.19,69.54,52.63
S2119,90.76,53.81,79.47,53.75,2.18,95.43,60.74
S2120,91.58,57.94,69.44,88.98,4.85,50.17,68.16
S2121,92.81,62.66,62.98,45.76,2.78,55.55,61.1
S2122,84.58,46.29,73.83,83.54,1.15,69.84,68.33
S2123,57.85,63.79,67.66,48.38,0.33,60.65,57.02
S2124,99.5,87.55,81.09,86.47,4.07,63.3,69.31
S2125,57.8,45.99,78.19,70.34,6.82,83.2,64.68
S2126,79.54,81.09,43.67,96.67,1.18,17.06,62.71
S2127,63.69,86.97,42.45,92.83,3.13,54.83,66.52
S2128,74.04,45.31,49.38,98.7,1.27,35.38,62.83
S2129,79.93,33.81,79.57,99.22,1.67,44.67,61.99
S2130,79.82,65.44,33.63,72.87,4.35,100.0,70.34
S2131,81.33,50.15,69.11,46.82,0.21,75.17,53.49
S2132,99.21,93.63,68.53,48.95,1.81,81.18,67.93
S2133,81.8,60.63,82.93,28.26,0.58,63.63,62.63
S2134,71.34,45.56,65.25,48.33,1.0,77.9,53.32
S2135,89.46,39.35,37.82,71.38,2.48,34.97,54.81
S2136,92.84,79.62,44.73,58.81,0.07,82.65,77.16
S2137,56.59,49.72,40.72,66.4,2.16,51.06,50.74
S2138,83.96,60.79,52.32,79.85,0.8,55.97,62.86
S2139,85.52,77.2,58.71,63.92,2.66,73.59,61.62
S2140,70.54,51.28,41.02,47.56,0.37,70.38,40.25
S2141,95.64,59.17,88.47,68.94,3.19,66.44,71.58
S2142,72.75,59.7,38.14,52.03,2.49,41.83,57.39
S2143,76.88,72.3,86.23,64.58,8.52,66.7,69.61
S2144,72.4,70.63,83.33,96.86,5.81,81.33,76.87
S2145,75.23,56.04,78.17,64.59,0.8,55.95,69.89
S2146,58.56,61.15,49.51,100.0,0.07,87.35,68.95
S2147,53.4,53.31,68.16,98.63,2.56,50.16,61.31
S2148,98.92,33.4,39.01,58.41,2.22,65.11,56.61
S2149,62.3,64.64,78.4,47.78,0.07,91.1,51.38
S2150,60.13,94.06,60.67,68.95,0.31,53.42,58.04
S2151,42.7,44.09,54.63,93.07,2.11,82.92,52.04
S2152,65.42,46.09,39.97,60.2,5.83,98.57,50.25
S2153,55.15,44.33,17.4,88.16,5.69,67.91,50.48
S2154,99.63,73.04,43.31,94.17,0.39,56.04,79.57
S2155,90.15,68.07,82.03,54.52,1.17,51.86,75.61
S2156,64.68,57.15,54.75,56.48,0.11,87.18,57.25
S2157,100.0,43.48,58.95,84.25,1.52,86.7,72.23
S2158,89.73,61.66,73.8,73.04,3.36,89.64,66.75
S2159,70.13,31.84,94.5,56.28,3.75,64.44,68.34
S2160,37.51,62.58,85.85,62.96,1.66,82.64,48.23
S2161,100.0,75.69,44.5,68.59,0.24,64.17,71.34
S2162,54.16,37.48,27.03,38.7,1.15,49.99,40.8
S2163,50.32,32.41,100.0,85.31,6.46,84.11,58.96
S2164,90.34,88.43,100.0,60.43,0.63,92.78,77.67
S2165,100.0,48.99,65.39,14.33,0.92,47.65,48.45
S2166,95.76,80.45,39.13,69.52,3.3,47.33,58.12
S2167,83.46,57.23,79.34,55.17,3.17,65.68,55.06
S2168,83.92,57.08,60.06,100.0,5.84,81.25,75.06
S2169,87.8,67.89,59.97,58.29,1.18,45.73,68.66
S2170,86.38,44.09,78.1,48.05,1.73,68.86,48.02
S2171,79.22,62.38,68.02,80.16,1.51,54.96,75.19
S2172,76.56,53.13,40.66,56.79,6.31,76.91,57.19
S2173,74.06,36.23,56.15,54.41,3.52,51.44,53.8
S2174,63.69,66.07,73.9,80.19,4.27,78.12,57.06
S2175,70.79,55.26,71.18,49.19,0.34,62.31,64.69
S2176,49.61,57.17,66.72,40.85,3.77,49.07,51.3
S2177,73.52,38.22,78.8,100.0,1.36,66.08,70.91
S2178,60.17,88.65,55.49,81.59,0.06,32.05,66.67
S2179,58.45,75.78,65.22,64.72,0.15,55.5,66.15
S2180,77.7,77.35,1.24,69.93,2.72,70.74,50.18
S2181,95.88,54.5,53.91,80.12,1.12,34.88,60.47
S2182,88.77,28.87,75.75,89.47,4.86,21.29,57.43
S2183,51.44,95.15,54.97,54.88,3.18,25.23,60.6
S2184,60.16,58.9,53.61,77.32,0.05,87.56,59.92
S2185,89.11,46.52,43.25,59.87,2.79,63.7,63.39
S2186,60.26,67.5,80.06,66.22,0.51,55.95,67.04
S2187,71.63,81.01,71.87,73.21,1.32,81.07,57.87
S2188,83.25,59.59,76.86,69.87,2.35,58.12,73.67
S2189,60.47,83.01,30.93,84.71,4.95,69.56,65.75
S2190,76.58,79.49,59.11,79.74,1.46,65.44,63.89
S2191,54.99,40.63,56.96,39.84,3.97,56.99,49.02
S2192,65.98,47.87,56.95,42.84,3.67,70.0,51.98
S2193,79.8,77.24,50.91,62.61,1.28,78.15,67.12
S2194,51.11,11.17,55.77,100.0,1.67,61.86,45.96
S2195,81.61,57.31,77.29,52.97,2.89,57.17,65.31
S2196,74.71,34.25,27.57,65.84,0.08,59.18,47.27
S2197,83.29,51.42,93.99,59.27,5.32,25.94,61.45
S2198,78.36,54.62,70.71,58.92,3.53,69.81,63.38
S2199,95.46,53.55,61.24,73.56,0.69,44.45,78.89
S2200,76.88,50.06,78.32,98.02,9.53,75.71,67.82
S2201,68.56,40.25,35.87,79.12,0.47,63.46,49.32
S2202,76.83,100.0,50.04,53.93,5.89,66.79,62.92
S2203,83.15,93.61,59.82,100.0,0.94,76.91,71.26
S2204,75.73,39.08,86.58,71.57,3.46,49.25,66.35
S2205,75.61,88.48,61.16,58.46,1.46,71.28,69.75
S2206,64.47,52.81,70.1,98.24,3.2,69.55,63.96
S2207,65.06,62.33,51.39,60.62,0.41,61.86,60.65
S2208,53.96,58.86,70.76,100.0,0.75,49.22,64.47
S2209,100.0,48.12,92.19,52.59,0.25,75.12,67.62
S2210,56.34,77.71,79.92,98.6,4.81,76.96,61.3
S2211,64.61,62.27,60.53,74.02,0.84,66.93,63.91
S2212,64.22,51.42,74.16,95.82,2.85,46.8,62.67
S2213,88.42,36.52,72.4,100.0,4.12,56.03,66.68
S2214,70.58,43.92,71.12,47.35,5.56,63.97,54.13
S2215,93.72,30.46,82.02,95.52,0.27,76.7,72.52
S2216,64.9,60.22,81.88,41.82,5.36,38.08,59.5
S2217,79.18,38.46,59.71,49.06,0.53,55.42,51.17
S2218,62.47,55.22,73.55,53.93,3.2,58.15,49.53
S2219,100.0,84.66,55.1,80.07,3.13,63.59,79.3
S2220,57.19,81.59,45.38,70.66,0.02,42.88,58.22
S2221,79.65,59.42,57.15,66.66,0.6,61.3,61.19
S2222,84.51,58.43,60.63,72.92,1.63,59.72,46.72
S2223,81.21,93.84,32.09,81.83,1.31,47.36,62.92
S2224,72.22,69.37,77.49,83.36,6.02,62.99,67.79
S2225,73.05,54.1,12.19,91.88,1.07,55.8,47.71
S2226,75.66,34.33,100.0,100.0,6.63,73.42,75.97
S2227,72.79,67.09,89.03,69.57,1.48,49.95,69.88
S2228,89.46,74.93,57.3,59.58,8.0,66.53,71.02
S2229,100.0,48.63,62.17,82.27,3.21,51.26,72.46
S2230,66.64,65.24,67.45,47.11,4.24,54.8,51.73
S2231,54.45,53.46,51.4,56.43,0.27,70.05,47.46
S2232,73.68,56.69,65.47,89.99,2.12,68.99,64.75
S2233,100.0,15.22,59.41,67.52,0.37,57.91,52.3
S2234,62.94,56.01,60.3,45.84,0.85,60.42,56.7
S2235,99.59,77.45,65.27,40.2,2.34,40.29,61.54
S2236,100.0,48.63,38.36,70.97,3.11,88.85,71.27
S2237,66.7,60.95,62.71,92.84,0.1,76.69,57.46
S2238,83.53,46.39,64.94,92.57,1.82,76.07,78.34
S2239,99.43,66.49,64.32,72.22,2.0,37.88,78.81
S2240,69.31,56.1,58.12,100.0,0.2,54.88,60.19
S2241,71.95,43.09,82.48,67.9,1.67,59.31,66.93
S2242,66.27,83.99,55.63,67.23,3.0,32.17,56.89
S2243,59.78,76.72,66.09,18.65,0.13,80.13,60.46
S2244,65.26,49.11,85.35,61.05,3.43,89.72,62.0
S2245,56.64,68.96,60.57,87.04,2.06,100.0,56.44
S2246,75.51,69.67,65.86,100.0,4.3,47.22,46.66
S2247,63.45,71.56,60.27,53.4,0.59,66.99,55.62
S2248,78.51,29.5,84.27,79.25,4.3,87.49,66.84
S2249,51.66,78.12,57.36,90.94,0.24,60.69,67.82
S2250,79.96,49.75,85.1,70.22,1.24,55.36,63.87
S2251,87.5,53.56,60.14,24.33,0.53,33.28,57.88
S2252,45.09,100.0,46.53,74.95,5.01,84.25,60.03
S2253,80.61,65.43,74.23,85.23,2.93,64.67,66.78
S2254,93.42,53.05,56.52,51.05,0.06,52.6,64.54
S2255,56.86,20.3,73.17,64.92,0.02,69.83,34.85
S2256,100.0,85.02,12.87,46.89,0.83,67.6,58.86
S2257,81.29,35.79,62.09,18.6,0.37,67.86,47.26
S2258,64.42,41.94,53.73,90.54,2.39,61.31,64.31
S2259,74.16,54.04,42.86,69.93,2.62,92.58,55.81
S2260,83.37,85.5,52.04,100.0,6.83,62.73,76.14
S2261,76.14,73.92,51.67,87.15,7.29,92.53,75.65
S2262,83.08,57.16,61.14,62.92,2.58,74.59,53.66
S2263,61.19,65.55,37.39,68.34,0.01,70.97,52.4
S2264,77.54,49.19,67.69,81.32,1.07,63.07,59.21
S2265,53.79,62.51,86.59,89.34,1.73,81.56,71.37
S2266,73.33,61.32,67.06,76.45,1.66,66.92,67.05
S2267,61.44,77.44,76.56,92.11,2.22,49.15,64.6
S2268,63.97,77.41,81.7,64.07,7.76,48.59,59.88
S2269,93.54,68.89,84.26,50.06,5.19,72.18,77.57
S2270,91.37,53.48,95.66,68.7,0.28,49.57,67.67
S2271,84.14,73.35,53.01,74.1,0.74,63.94,54.48
S2272,58.62,58.34,49.07,45.97,4.3,82.97,44.28
S2273,70.25,40.53,76.1,43.27,4.17,70.17,59.11
S2274,93.2,52.74,74.75,78.95,0.77,52.72,58.64
S2275,77.13,61.52,75.96,61.87,3.15,88.97,77.69
S2276,100.0,76.38,96.01,66.68,2.68,74.31,72.63
S2277,80.9,56.7,62.2,62.81,1.54,82.3,62.42
S2278,77.88,38.23,69.67,100.0,0.54,26.45,59.92
S2279,70.36,61.02,44.35,95.24,5.27,70.62,58.27
S2280,77.0,62.04,100.0,45.25,2.72,79.32,54.3
S2281,72.71,63.35,55.94,59.34,0.44,93.9,61.7
S2282,85.62,76.56,56.45,87.0,2.93,40.12,62.01
S2283,89.35,78.34,55.76,82.04,3.25,85.5,72.34
S2284,63.21,49.3,50.39,69.17,5.23,92.95,57.29
S2285,55.03,48.91,48.87,47.25,0.61,30.71,45.35
S2286,47.46,41.28,52.57,56.35,10.77,73.14,61.16
S2287,82.62,72.58,37.42,59.66,0.4,75.5,56.08
S2288,58.45,86.08,47.86,75.54,2.2,59.44,56.96
S2289,42.71,54.33,97.08,100.0,2.57,56.67,52.92
S2290,80.83,55.65,75.24,56.26,1.3,76.35,61.94
S2291,100.0,86.4,78.67,49.48,1.55,54.55,74.12
S2292,74.91,69.1,83.19,67.83,5.32,61.31,65.25
S2293,87.58,67.85,95.01,90.63,2.49,78.81,79.69
S2294,76.23,38.56,30.11,41.06,1.65,94.82,48.19
S2295,73.52,72.22,39.86,99.07,0.33,74.15,55.42
S2296,88.79,43.28,47.53,66.56,0.02,67.27,58.95
S2297,70.65,39.59,53.54,55.31,0.32,56.22,49.13
S2298,79.01,53.76,56.59,38.0,7.51,47.82,56.79
S2299,79.83,49.46,53.95,84.13,3.47,83.86,59.98
S2300,64.98,56.01,65.95,66.58,8.2,62.39,57.03
S2301,89.88,34.06,62.64,73.41,0.09,84.56,62.27
S2302,72.38,77.26,48.99,51.98,2.74,59.4,57.07
S2303,63.66,80.3,22.84,63.62,0.11,53.96,61.88
S2304,83.05,24.95,44.13,60.27,3.66,72.15,57.45
S2305,61.52,77.61,52.11,67.99,1.15,63.7,61.74
S2306,75.42,45.41,57.55,56.61,0.24,44.51,51.45
S2307,74.86,75.43,41.67,39.32,2.01,95.9,46.47
S2308,91.29,58.77,53.17,100.0,0.79,54.34,61.19
S2309,82.12,60.52,41.64,42.73,2.59,80.77,52.86
S2310,74.62,56.67,59.74,73.63,2.58,79.31,60.55
S2311,87.27,81.82,42.68,34.56,2.93,43.59,57.52
S2312,95.85,37.69,46.72,30.06,11.73,47.96,59.95
S2313,83.37,70.94,38.44,71.96,1.17,59.87,61.73
S2314,75.16,79.82,59.24,73.49,1.5,50.28,70.36
S2315,55.32,72.89,46.4,95.23,3.92,94.35,61.5
S2316,59.02,100.0,78.32,77.99,2.07,61.6,70.86
S2317,70.42,50.48,69.31,67.0,0.09,80.13,61.73
S2318,65.86,77.23,60.74,51.01,4.44,73.73,62.78
S2319,72.2,58.09,47.65,99.98,0.13,69.49,68.9
S2320,75.85,82.2,68.85,88.58,0.45,65.69,74.08
S2321,82.95,59.86,74.43,45.07,0.26,86.03,55.17
S2322,73.94,53.02,64.57,70.76,0.19,50.97,57.13
S2323,82.3,83.51,90.87,72.88,0.06,94.35,75.76
S2324,75.97,51.15,70.27,63.09,0.14,43.12,70.03
S2325,45.37,34.57,78.44,85.44,1.4,78.29,53.31
S2326,60.91,50.7,64.4,86.63,0.7,41.11,49.81
S2327,72.84,71.14,74.16,66.19,0.32,59.63,65.95
S2328,56.85,85.06,47.66,64.38,2.58,66.59,61.34
S2329,84.0,62.0,53.75,99.98,0.62,56.73,64.68
S2330,97.96,83.73,68.29,88.66,0.05,61.91,73.08
S2331,93.28,35.55,68.16,71.45,1.3,41.42,65.27
S2332,71.8,52.02,71.14,37.42,0.89,48.21,48.34
S2333,97.36,54.81,81.81,76.88,0.92,73.47,68.96
S2334,77.23,57.94,36.35,83.96,1.41,65.5,54.88
S2335,69.94,61.51,44.46,14.91,2.65,53.26,54.13
S2336,65.8,72.44,66.13,75.04,2.3,87.51,67.03
S2337,70.46,51.99,48.96,61.67,6.65,44.26,48.42
S2338,69.18,62.5,100.0,65.58,1.75,58.85,60.61
S2339,77.56,59.19,71.28,51.85,1.54,56.4,70.91
S2340,77.41,43.33,60.59,67.04,0.58,75.46,64.53
S2341,75.05,57.95,52.72,97.84,3.38,65.82,68.89
S2342,81.55,57.41,53.36,61.07,0.36,63.16,58.28
S2343,92.86,57.03,62.54,89.31,1.62,33.65,73.75
S2344,89.24,60.57,64.02,53.87,1.31,79.71,57.32
S2345,52.73,61.36,53.78,85.18,2.58,61.3,60.92
S2346,36.69,52.22,57.08,70.03,5.99,66.97,48.57
S2347,89.01,82.91,86.2,77.04,7.03,52.27,74.88
S2348,54.5,38.95,86.92,70.14,0.44,49.6,58.85
S2349,71.63,47.02,66.54,82.83,0.73,90.49,61.6
S2350,57.45,100.0,37.86,18.65,4.01,34.85,47.61
S2351,47.97,41.32,71.69,41.6,1.75,47.08,43.45
S2352,83.12,35.63,89.98,78.34,1.45,90.17,55.48
S2353,86.39,73.22,86.66,29.13,2.98,75.89,71.6
S2354,66.35,22.61,75.22,59.39,2.21,59.47,46.07
S2355,36.13,55.77,87.6,68.91,8.47,86.19,72.05
S2356,66.81,98.62,62.96,53.44,2.1,72.6,63.62
S2357,80.88,32.19,73.31,56.17,1.51,68.96,65.25
S2358,52.82,24.32,49.75,75.43,1.88,68.83,36.3
S2359,77.75,33.01,67.26,90.19,3.97,72.91,66.68
S2360,74.77,76.17,85.93,50.83,2.28,73.6,73.17
S2361,83.69,80.25,51.39,58.5,2.5,100.0,75.1
S2362,76.79,50.77,46.49,55.37,8.53,61.69,48.23
S2363,60.4,72.3,63.75,21.57,2.31,62.21,48.71
S2364,92.95,85.02,57.92,72.83,1.15,43.97,71.18
S2365,72.62,92.17,73.68,88.69,2.82,64.12,73.34
S2366,74.59,55.57,53.84,90.33,2.59,96.67,66.8
S2367,61.0,18.57,92.93,52.58,0.03,81.74,51.47
S2368,68.35,45.22,38.79,44.97,1.51,55.76,56.27
S2369,61.73,52.32,84.57,70.43,3.26,65.51,77.21
S2370,72.41,55.34,48.23,86.59,1.66,42.96,57.55
S2371,100.0,56.62,29.67,73.1,3.63,48.52,62.61
S2372,54.42,80.14,66.28,75.79,1.44,67.54,62.07
S2373,50.8,82.94,57.42,92.84,9.82,56.59,72.97
S2374,97.07,56.91,42.03,55.22,0.83,47.24,62.45
S2375,71.86,79.77,31.74,65.6,0.23,73.33,51.16
S2376,64.96,66.44,61.85,100.0,1.35,63.6,60.26
S2377,90.6,61.16,79.57,66.06,1.87,38.35,59.42
S2378,65.92,76.32,72.53,44.65,1.03,29.72,72.6
S2379,100.0,61.3,63.02,56.61,0.67,55.31,68.03
S2380,85.17,97.04,70.62,51.24,2.68,38.0,64.07
S2381,67.68,34.11,61.51,77.14,1.14,33.23,47.45
S2382,100.0,50.73,36.26,52.08,2.4,84.19,64.66
S2383,65.91,57.72,36.42,75.42,3.62,63.34,60.2
S2384,86.13,67.91,58.34,55.28,3.44,60.49,67.63
S2385,79.49,82.82,59.11,27.53,1.13,61.8,56.58
S2386,94.53,59.56,77.32,76.13,2.01,45.66,69.83
S2387,98.42,34.4,75.63,72.97,1.43,71.99,66.14
S2388,75.48,75.17,72.89,80.36,4.91,62.78,63.65
S2389,63.7,73.59,56.95,56.54,5.06,52.12,52.7
S2390,81.9,25.05,37.15,54.41,1.01,54.67,49.52
S2391,64.83,59.93,69.42,78.03,0.23,44.13,59.49
S2392,100.0,31.38,71.45,100.0,0.44,58.09,69.92
S2393,77.05,48.04,19.01,70.22,1.1,60.93,54.59
S2394,69.52,43.75,46.98,78.49,1.99,57.65,63.06
S2395,77.77,74.57,49.56,63.57,2.57,65.94,57.02
S2396,54.79,62.1,64.13,39.13,0.97,63.67,55.45
S2397,60.43,36.86,47.54,89.35,2.64,68.92,58.1
S2398,93.01,75.84,61.31,88.17,6.66,81.03,73.47
S2399,65.15,34.19,58.21,84.22,2.53,75.08,56.91
S2400,59.3,65.94,59.14,66.36,0.41,81.23,56.4
S2401,83.05,45.35,49.1,81.94,2.08,50.59,70.69
S2402,92.79,53.42,50.5,87.88,1.87,56.35,64.36
S2403,85.78,69.08,42.56,100.0,4.91,76.11,71.55
S2404,89.94,69.39,68.84,89.77,1.03,76.42,70.17
S2405,63.65,84.07,72.28,71.28,1.32,53.46,61.0
S2406,53.67,58.52,48.13,43.83,2.19,75.4,42.15
S2407,97.52,65.52,89.37,73.11,1.78,48.96,78.71
S2408,70.16,52.12,56.34,75.13,3.05,73.18,63.95
S2409,71.24,63.28,89.54,84.18,0.1,64.55,65.7
S2410,94.92,67.91,50.44,97.08,1.99,41.46,61.7
S2411,83.34,58.23,25.52,68.1,0.31,57.62,54.8
S2412,81.84,27.53,69.24,100.0,0.91,100.0,62.28
S2413,100.0,65.97,66.47,34.81,2.6,68.45,63.52
S2414,65.35,66.56,62.62,78.39,0.41,100.0,56.56
S2415,88.92,47.76,50.44,54.03,0.89,40.45,55.76
S2416,75.86,36.88,61.38,31.86,2.91,77.76,54.05
S2417,79.03,86.57,52.8,65.96,2.53,21.92,67.55
S2418,97.93,68.85,56.56,40.86,0.23,65.0,61.4
S2419,82.62,55.88,77.15,66.77,2.07,75.73,63.88
S2420,83.07,39.53,65.32,70.7,0.38,79.24,51.12
S2421,91.09,45.21,72.98,92.37,0.7,51.41,72.36
S2422,69.53,83.45,57.83,39.85,1.48,82.66,65.97
S2423,62.41,62.48,55.84,88.17,0.28,55.93,58.4
S2424,59.33,50.09,41.24,71.96,12.0,62.21,48.14
S2425,45.5,69.17,55.34,90.58,0.43,57.63,48.56
S2426,100.0,45.34,2.22,61.36,3.65,45.68,46.83
S2427,58.45,87.02,51.38,43.36,4.25,91.69,65.88
S2428,71.68,84.35,60.53,45.65,12.0,65.82,68.07
S2429,70.85,51.6,72.15,44.16,1.34,83.48,49.15
S2430,79.61,48.68,57.16,79.56,4.97,82.76,66.19
S2431,87.24,12.87,68.26,99.54,7.58,48.55,56.58
S2432,87.91,33.33,22.76,58.7,0.46,85.67,47.66
S2433,66.25,35.89,60.98,82.58,1.57,73.56,62.29
S2434,72.49,62.43,31.77,39.53,0.15,47.3,52.29
S2435,79.24,54.13,40.25,73.61,2.33,72.63,64.71
S2436,71.27,35.78,58.63,83.37,2.09,47.61,54.87
S2437,99.11,54.94,84.97,41.04,0.55,92.31,73.72
S2438,82.36,69.1,68.68,65.92,3.84,78.83,64.32
S2439,86.02,69.5,62.33,84.32,0.09,63.79,65.4
S2440,84.94,25.81,61.65,11.32,3.94,86.5,49.09
S2441,92.6,57.69,49.15,96.71,0.06,38.11,63.01
S2442,77.72,35.1,52.21,77.07,2.57,52.26,47.24
S2443,55.55,76.23,69.69,84.33,0.2,60.71,60.54
S2444,81.0,74.11,37.06,61.75,0.69,100.0,70.8
S2445,65.23,43.84,72.67,35.55,3.07,46.8,44.6
S2446,67.07,46.21,55.01,80.68,0.79,35.98,45.13
S2447,83.8,51.7,76.86,68.35,1.72,40.45,54.32
S2448,93.57,19.45,79.3,70.64,5.92,80.41,80.71
S2449,75.32,66.05,31.88,91.75,0.12,54.9,60.52
S2450,79.63,55.09,51.53,85.24,4.0,62.3,60.63
S2451,100.0,77.46,46.6,100.0,0.16,77.97,73.1
S2452,78.61,40.23,29.37,73.08,0.33,62.31,52.29
S2453,100.0,48.86,43.41,56.18,0.3,68.47,55.04
S2454,83.48,32.88,100.0,66.23,12.0,74.1,67.69
S2455,48.59,41.92,72.97,78.31,0.48,57.68,51.93
S2456,86.3,38.72,96.51,90.32,5.45,62.17,66.76
S2457,80.72,77.93,76.92,40.66,11.29,69.11,67.42
S2458,94.35,47.43,48.65,70.17,1.16,79.76,64.0
S2459,85.1,62.24,55.13,100.0,2.39,51.53,60.11
S2460,72.92,53.15,72.59,65.2,3.62,13.65,71.99
S2461,56.64,37.15,69.88,88.62,1.2,76.55,61.63
S2462,71.86,56.97,51.61,79.86,0.42,80.77,52.33
S2463,62.24,70.78,34.82,89.12,1.36,68.4,42.7
S2464,66.29,38.26,100.0,53.8,3.55,69.56,56.9
S2465,83.83,74.56,59.46,53.89,3.64,55.41,67.31
S2466,100.0,44.71,56.14,70.41,0.63,73.5,66.34
S2467,80.92,51.31,64.04,39.36,0.46,79.5,56.72
S2468,57.06,69.55,57.63,64.61,6.08,65.96,55.42
S2469,81.67,48.06,64.21,75.06,0.11,100.0,58.76
S2470,92.95,60.68,85.17,100.0,3.18,38.42,70.42
S2471,65.85,54.34,59.76,78.05,0.11,67.77,51.75
S2472,72.99,62.33,41.07,82.5,4.37,45.04,55.6
S2473,75.22,17.15,59.09,93.29,5.66,79.96,66.86
S2474,63.23,27.07,53.64,50.71,0.85,38.11,39.16
S2475,84.72,71.09,87.63,66.7,0.18,42.32,70.92
S2476,73.19,78.67,83.08,100.0,1.57,54.24,76.44
S2477,81.29,43.61,63.94,68.42,0.85,69.52,52.99
S2478,61.69,55.61,38.98,92.33,1.3,54.88,49.26
S2479,68.44,65.3,39.93,89.27,2.62,55.05,64.78
S2480,85.84,72.48,62.27,40.44,0.57,61.92,55.4
S2481,69.41,23.5,68.05,76.21,1.06,60.88,53.37
S2482,100.0,44.05,55.26,72.93,3.66,90.29,78.9
S2483,69.01,54.01,53.36,76.6,2.48,76.66,65.0
S2484,78.37,72.66,51.33,54.92,0.95,59.48,59.56
S2485,88.99,100.0,61.58,47.66,2.62,100.0,78.07
S2486,53.72,55.9,19.11,60.48,3.48,73.36,46.24
S2487,48.59,34.67,42.18,68.04,2.15,48.53,49.76
S2488,52.12,67.24,50.71,93.7,0.66,69.36,45.66
S2489,93.94,83.78,83.74,100.0,0.0,74.1,78.56
S2490,66.72,61.94,47.35,97.93,3.9,53.31,47.99
S2491,100.0,43.68,65.25,87.2,4.15,47.11,67.62
S2492,66.54,77.24,66.08,49.91,2.87,66.47,59.45
S2493,77.77,71.94,85.36,61.82,0.19,58.88,74.32
S2494,98.13,41.53,84.73,74.2,2.11,90.15,75.26
S2495,100.0,66.87,60.96,57.35,4.13,77.6,65.84
S2496,100.0,77.95,53.44,81.54,1.19,54.11,67.08
S2497,93.13,81.27,50.05,84.41,0.53,72.24,71.98
S2498,90.36,58.8,57.66,80.73,2.13,86.54,64.27
S2499,83.89,53.55,54.19,90.5,4.2,41.31,62.13
S2500,86.68,82.09,71.97,51.91,0.12,47.61,72.99
S2501,66.73,38.22,69.57,88.66,2.18,64.81,54.13
S2502,62.73,67.89,72.65,56.09,2.47,65.61,57.32
S2503,74.95,35.34,84.67,51.18,2.21,64.11,56.09
S2504,72.45,79.18,95.53,80.64,2.52,59.72,91.33
S2505,68.2,55.36,64.24,94.32,2.4,59.46,65.91
S2506,85.45,82.83,81.79,79.76,0.34,71.53,80.36
S2507,89.33,68.85,55.67,70.42,0.64,84.28,71.16
S2508,76.33,37.98,83.33,76.2,2.32,56.82,66.63
S2509,97.16,85.64,81.11,72.73,0.04,100.0,81.41
S2510,57.87,87.92,80.15,47.48,2.42,98.33,68.44
S2511,72.1,75.88,63.69,45.15,2.63,87.6,54.08
S2512,64.25,46.29,49.97,68.42,0.66,75.58,55.61
S2513,47.0,54.49,36.9,71.6,2.19,99.14,51.13
S2514,73.76,62.62,61.28,70.23,1.83,60.07,63.95
S2515,73.17,47.33,89.59,83.52,0.72,50.85,63.23
S2516,97.7,90.46,56.42,65.69,1.49,56.06,74.59
S2517,84.46,62.6,76.13,81.26,5.77,47.95,74.37
S2518,59.64,11.34,77.19,67.11,1.33,67.07,32.58
S2519,100.0,66.11,56.89,100.0,2.39,70.1,70.2
S2520,93.32,53.73,85.69,71.61,0.09,68.41,57.7
S2521,83.73,58.65,9.64,100.0,0.19,64.79,57.6
S2522,71.6,53.36,39.99,77.04,0.2,67.26,53.15
S2523,60.61,74.53,45.52,65.73,3.61,94.52,68.41
S2524,69.42,80.15,47.25,52.01,1.03,75.54,59.95
S2525,91.33,65.09,68.05,41.14,0.62,80.68,61.1
S2526,100.0,53.89,67.22,50.17,3.3,68.24,70.85
S2527,98.15,59.26,69.09,52.41,0.45,37.53,60.14
S2528,67.67,60.35,72.73,77.9,0.68,34.16,55.99
S2529,58.21,45.56,44.9,59.48,1.35,100.0,54.6
S2530,77.11,70.42,40.07,73.74,0.97,55.96,68.19
S2531,48.47,68.28,69.13,95.64,2.11,54.52,65.58
S2532,79.85,87.73,50.66,68.24,0.99,69.18,68.69
S2533,72.79,82.6,33.73,100.0,1.2,74.36,81.0
S2534,68.01,47.66,79.48,46.48,4.77,76.51,55.04
S2535,51.08,74.77,87.11,66.99,5.18,95.17,62.77
S2536,82.7,42.88,90.03,59.21,4.22,90.51,68.18
S2537,67.01,72.53,65.37,88.73,4.8,51.21,74.25
S2538,57.45,50.7,73.27,25.2,2.02,81.47,46.45
S2539,31.92,41.58,86.66,41.14,2.49,58.47,57.42
S2540,74.59,65.04,50.45,67.85,1.95,62.66,50.53
S2541,100.0,11.86,81.99,100.0,3.7,46.4,64.53
S2542,99.92,28.48,66.96,74.52,1.92,36.22,60.87
S2543,68.14,56.81,78.45,42.97,0.28,64.46,51.82
S2544,65.97,61.48,65.35,46.06,3.98,48.75,51.9
S2545,82.03,53.35,85.33,100.0,3.43,80.77,77.82
S2546,60.02,31.57,66.02,57.58,4.12,60.22,59.89
S2547,79.53,45.28,35.29,51.14,0.51,70.25,38.26
S2548,86.49,67.04,88.13,99.55,0.76,88.25,77.88
S2549,93.4,70.47,44.94,90.22,0.84,39.75,63.68
S2550,73.5,59.71,84.56,95.48,1.7,52.68,68.31
S2551,71.94,80.82,60.38,51.0,0.34,68.08,58.96
S2552,61.83,67.15,83.17,39.5,1.17,70.31,51.32
S2553,62.6,46.55,82.43,72.66,0.48,83.76,70.21
S2554,71.6,54.95,69.74,76.7,0.74,79.74,69.64
S2555,80.51,34.75,71.15,77.29,2.94,66.65,60.41
S2556,88.7,58.05,69.61,99.56,4.63,70.16,69.04
S2557,62.95,80.02,25.75,35.32,0.06,70.63,45.62
S2558,97.39,72.34,64.13,87.19,2.0,40.01,54.21
S2559,70.93,85.24,41.91,48.07,0.09,62.34,58.77
S2560,74.68,54.55,65.08,87.11,0.21,69.22,67.37
S2561,63.79,84.23,41.43,60.5,2.93,72.8,59.73
S2562,38.64,56.52,40.67,53.72,3.19,49.29,43.16
S2563,88.26,86.49,90.89,57.8,4.04,43.43,73.37
S2564,86.05,59.61,81.25,41.09,1.54,61.01,57.6
S2565,70.78,72.73,61.93,70.81,4.72,98.45,64.45
S2566,76.0,86.55,65.33,54.55,0.44,51.07,61.89
S2567,82.74,56.52,57.54,85.73,0.69,84.96,69.38
S2568,51.56,63.93,72.26,82.8,0.35,91.94,70.19
S2569,67.06,83.2,49.83,100.0,3.83,65.77,65.49
S2570,86.91,57.61,79.89,77.33,0.62,53.44,60.21
S2571,56.19,36.22,57.44,80.41,0.41,73.72,52.63
S2572,79.4,98.57,54.44,98.0,2.34,68.31,85.23
S2573,54.65,51.54,62.39,57.45,0.19,50.4,44.46
S2574,82.0,62.86,51.36,40.23,0.11,53.8,60.13
S2575,74.47,80.81,67.92,74.0,0.27,72.71,74.88
S2576,50.77,49.05,52.33,41.55,0.0,80.87,45.13
S2577,92.47,41.86,70.43,100.0,2.87,59.51,63.76
S2578,63.98,64.57,83.89,99.11,1.98,63.82,71.38
S2579,62.85,27.72,49.05,100.0,0.57,76.37,56.11
S2580,78.01,54.82,59.65,71.25,0.64,62.07,63.78
S2581,92.23,64.41,70.3,81.01,4.0,59.91,82.58
S2582,59.76,55.14,54.15,60.81,1.67,52.16,52.98
S2583,75.93,32.22,70.36,87.66,2.88,51.86,52.12
S2584,81.43,88.7,72.0,45.69,1.45,100.0,70.47
S2585,85.4,61.86,81.5,19.14,0.65,61.66,60.83
S2586,77.65,85.76,51.09,54.19,8.45,88.21,75.56
S2587,69.49,55.32,45.03,40.89,2.0,93.63,52.76
S2588,62.59,44.16,56.46,99.56,0.34,61.88,54.61
S2589,76.29,64.85,44.58,100.0,1.25,71.26,55.48
S2590,58.92,56.12,72.16,41.94,0.96,66.74,57.11
S2591,31.18,38.8,41.09,95.83,0.58,37.59,62.29
S2592,81.55,86.46,100.0,89.03,6.5,38.62,76.81
S2593,88.56,48.8,85.33,38.6,5.11,65.83,66.6
S2594,39.56,26.88,62.23,62.19,0.53,57.78,39.8
S2595,59.85,83.91,77.61,58.4,1.04,97.16,58.58
S2596,84.29,50.92,32.54,84.96,3.45,60.98,60.94
S2597,100.0,49.06,100.0,45.42,0.56,98.17,71.89
S2598,75.31,28.22,51.38,68.02,2.15,56.9,37.4
S2599,64.08,91.34,59.83,56.28,2.89,97.51,75.55
S2600,72.26,36.79,28.59,79.47,2.55,73.61,54.19
S2601,95.62,61.05,70.75,65.66,2.94,74.58,69.49
S2602,65.31,76.43,42.09,59.3,2.94,56.3,53.49
S2603,63.01,67.59,63.83,65.73,8.03,74.81,65.83
S2604,67.76,58.93,52.2,100.0,1.02,93.78,66.76
S2605,60.7,29.37,42.6,61.66,5.06,62.54,50.01
S2606,76.84,45.42,47.52,49.18,0.05,59.23,57.53
S2607,99.37,63.38,66.06,81.67,0.82,60.81,77.24
S2608,79.85,45.83,38.93,67.13,0.12,92.54,68.33
S2609,71.21,63.66,48.52,41.7,2.53,79.54,50.69
S2610,70.62,72.27,73.94,100.0,0.25,89.61,67.55
S2611,51.55,77.33,100.0,62.95,4.49,70.33,69.24
S2612,88.25,37.93,70.6,62.44,2.5,65.67,56.27
S2613,73.83,99.54,45.49,73.2,0.07,72.21,61.99
S2614,72.29,73.81,55.39,100.0,3.01,83.19,71.59
S2615,100.0,59.97,62.57,36.41,4.75,60.8,68.83
S2616,79.48,79.61,55.71,75.52,2.6,88.27,76.04
S2617,63.72,100.0,78.26,100.0,0.07,71.22,72.59
S2618,68.6,34.1,65.91,72.57,4.68,24.09,55.57
S2619,92.23,55.95,78.34,45.29,3.16,80.02,67.75
S2620,76.7,17.19,56.34,57.63,1.14,43.37,47.54
S2621,53.43,63.47,85.86,74.14,0.96,79.61,57.89
S2622,88.79,66.58,59.0,96.62,1.57,80.33,64.96
S2623,64.98,59.3,44.52,63.21,4.84,70.61,59.97
S2624,100.0,48.22,100.0,86.53,0.7,74.24,70.4
S2625,91.2,23.11,29.15,41.29,0.26,83.68,37.28
S2626,68.29,66.72,48.7,41.13,4.8,56.57,54.19
S2627,94.22,86.2,50.71,60.34,0.06,78.49,76.6
S2628,76.02,49.36,100.0,98.76,5.81,84.77,58.3
S2629,87.79,67.92,94.52,71.38,0.88,94.92,73.34
S2630,82.27,31.77,88.89,75.8,1.7,46.2,65.59
S2631,62.3,68.23,56.05,75.56,0.34,71.94,48.19
S2632,65.35,52.92,100.0,92.18,5.58,48.65,67.12
S2633,90.45,46.28,68.63,57.8,3.33,47.93,53.88
S2634,69.98,46.31,79.59,83.77,6.19,71.1,59.4
S2635,68.95,52.91,65.23,53.38,2.76,66.32,54.47
S2636,60.67,66.88,61.11,100.0,0.49,84.47,57.72
S2637,81.35,36.38,57.47,53.99,0.88,59.12,46.32
S2638,100.0,52.85,58.23,52.35,1.6,62.72,61.79
S2639,58.99,59.25,72.95,80.99,2.24,68.6,74.68
S2640,75.36,40.22,68.61,71.6,6.26,50.35,64.06
S2641,96.18,92.34,61.43,76.54,1.16,52.71,78.2
S2642,73.81,44.64,89.17,74.55,2.91,83.97,71.03
S2643,81.79,47.95,8.6,48.19,7.79,55.67,44.26
S2644,59.06,42.39,71.18,100.0,0.4,85.1,63.05
S2645,81.42,92.37,74.92,87.87,4.77,75.32,83.5
S2646,72.19,69.95,82.65,97.18,1.31,38.69,72.64
S2647,89.79,43.14,60.83,59.43,3.16,74.02,62.31
S2648,92.81,79.91,65.74,78.33,0.83,73.88,75.01
S2649,100.0,63.61,79.75,73.95,0.98,72.19,87.25
S2650,83.69,64.63,88.84,92.56,0.07,62.59,76.83
S2651,79.89,53.8,56.59,93.2,8.53,49.02,63.31
S2652,77.92,46.51,66.81,73.86,4.03,87.89,63.58
S2653,69.7,66.08,92.21,39.64,0.24,63.27,55.15
S2654,80.08,50.19,23.77,100.0,12.0,49.98,74.89
S2655,70.57,92.7,49.58,81.12,2.23,72.78,76.28
S2656,77.53,37.15,88.39,57.83,4.61,52.37,61.21
S2657,94.76,87.65,81.67,78.13,0.17,48.87,87.33
S2658,59.9,58.0,71.4,39.78,1.18,58.62,57.07
S2659,92.1,65.38,53.93,91.11,2.66,53.69,64.67
S2660,94.76,75.0,46.13,40.58,0.27,49.49,64.52
S2661,73.23,48.66,51.36,65.58,1.61,78.71,59.22
S2662,43.17,75.56,89.86,74.89,1.4,63.06,67.15
S2663,65.88,11.26,50.69,90.78,0.58,86.29,43.18
S2664,94.45,47.04,63.83,72.13,0.86,50.47,57.22
S2665,74.66,43.37,48.43,82.7,8.2,35.63,66.02
S2666,60.01,37.44,77.17,69.44,0.82,67.53,65.66
S2667,67.43,56.13,52.3,69.36,0.58,96.55,67.38
S2668,87.61,66.94,60.24,71.71,1.84,74.03,79.73
S2669,83.2,72.65,31.7,66.22,2.67,100.0,66.4
S2670,71.42,64.34,32.96,36.27,3.1,70.65,54.41
S2671,69.5,48.02,62.14,54.63,3.37,69.0,50.71
S2672,69.12,66.64,38.15,74.9,0.09,28.36,48.87
S2673,61.16,62.24,99.89,65.02,1.2,72.28,53.37
S2674,99.23,76.85,24.89,66.88,3.57,67.87,61.83
S2675,70.17,73.98,47.6,63.53,5.65,58.07,47.67
S2676,93.26,60.55,62.3,52.73,2.21,62.67,69.65
S2677,97.82,43.85,55.43,60.14,0.13,63.84,62.11
S2678,89.97,48.25,42.13,63.86,1.21,61.94,44.79
S2679,68.53,50.1,44.76,70.1,0.19,100.0,55.57
S2680,81.06,54.33,44.17,77.87,3.31,58.7,70.97
S2681,74.64,64.82,56.84,66.39,0.16,67.88,59.06
S2682,61.44,72.87,97.13,49.41,0.49,58.13,56.84
S2683,79.87,59.08,63.4,42.04,1.29,78.32,48.53
S2684,57.31,60.29,83.29,100.0,1.49,68.0,55.06
S2685,92.82,62.58,71.13,47.4,1.25,60.24,66.92
S2686,68.03,50.71,82.05,59.63,1.49,32.26,53.87
S2687,78.02,43.34,11.6,80.34,3.0,69.14,48.85
S2688,79.25,28.4,56.52,77.22,1.11,59.74,52.33
S2689,71.12,47.49,85.53,80.42,1.9,63.97,62.95
S2690,83.8,68.52,51.71,61.15,0.87,44.9,51.73
S2691,67.88,47.35,93.72,74.77,1.05,89.37,67.76
S2692,88.07,55.72,88.71,71.23,2.28,79.56,62.15
S2693,54.81,68.4,53.56,63.76,1.62,89.32,52.86
S2694,76.9,69.37,52.94,74.91,3.08,84.5,70.98
S2695,100.0,40.57,43.76,91.11,1.97,75.07,66.28
S2696,60.0,77.95,50.67,69.56,3.91,45.58,61.78
S2697,64.83,80.29,39.81,69.69,1.41,96.34,73.92
S2698,82.71,39.66,69.72,91.36,1.62,49.23,61.63
S2699,77.69,45.17,35.79,89.23,2.66,60.44,56.5
S2700,80.26,81.44,72.87,100.0,0.6,77.02,72.34
S2701,82.34,57.36,73.31,34.88,1.17,77.86,57.66
S2702,84.52,20.04,32.1,88.1,2.35,74.73,47.36
S2703,91.65,34.81,89.9,82.03,0.07,58.2,66.52
S2704,81.15,55.51,71.24,52.29,1.38,54.68,61.77
S2705,71.38,39.07,75.49,75.03,2.19,100.0,65.57
S2706,85.09,52.56,48.34,91.02,8.21,64.33,66.03
S2707,100.0,60.58,73.2,53.42,5.03,62.25,74.07
S2708,73.01,86.32,82.28,78.85,0.79,52.87,69.66
S2709,60.38,54.77,60.23,87.43,1.7,69.16,56.52
S2710,91.61,79.31,98.03,48.58,0.14,68.37,67.0
S2711,73.19,85.72,62.79,67.15,0.66,64.72,55.58
S2712,42.41,85.82,82.53,76.02,3.58,71.49,73.38
S2713,87.71,65.13,67.27,54.08,0.32,94.98,61.98
S2714,66.97,24.66,72.54,52.42,0.72,54.88,44.34
S2715,73.64,68.29,31.92,67.3,6.92,65.73,56.08
S2716,79.98,78.87,68.68,86.03,4.17,53.99,68.22
S2717,77.86,58.54,48.77,82.87,3.65,70.01,72.02
S2718,85.64,91.4,46.76,52.77,4.8,55.34,62.92
S2719,68.47,75.48,93.39,83.04,3.32,56.07,86.42
S2720,82.7,70.23,58.15,53.28,0.31,40.19,58.9
S2721,71.11,79.55,43.94,37.8,1.74,66.66,68.03
S2722,86.08,66.0,55.54,62.66,1.41,72.31,68.53
S2723,84.23,15.13,38.59,92.46,0.89,96.63,57.95
S2724,60.97,51.02,87.81,83.12,4.31,72.98,74.4
S2725,91.29,81.55,49.48,69.97,1.5,57.36,72.74
S2726,66.96,45.46,71.53,61.67,0.15,41.89,57.46
S2727,87.12,55.98,86.41,62.2,0.77,44.24,78.3
S2728,80.51,41.19,53.0,72.18,0.62,42.97,51.41
S2729,100.0,92.11,71.58,48.63,5.24,96.93,71.38
S2730,71.65,90.27,43.46,63.04,2.5,69.89,58.3
S2731,69.76,44.09,100.0,65.69,1.97,55.09,73.12
S2732,74.71,62.65,78.85,42.98,1.7,48.68,67.85
S2733,70.45,47.75,58.53,53.23,2.52,50.45,50.01
S2734,87.0,71.07,48.09,78.21,3.37,54.64,50.34
S2735,50.76,69.17,59.95,70.19,1.94,87.38,57.51
S2736,59.19,74.61,55.88,63.82,6.68,64.49,54.18
S2737,58.98,65.97,97.15,51.77,9.04,40.39,60.73
S2738,89.25,100.0,39.94,100.0,12.0,100.0,74.98
S2739,100.0,41.5,64.43,53.24,2.66,45.62,50.4
S2740,73.43,29.21,61.67,75.03,6.47,54.96,67.82
S2741,72.47,52.92,59.89,60.24,1.24,87.27,54.96
S2742,76.05,31.78,60.04,70.73,4.71,72.06,66.02
S2743,92.43,33.14,59.91,79.15,5.76,57.01,60.84
S2744,61.09,41.98,77.72,42.59,5.63,44.07,46.04
S2745,78.58,43.4,72.96,69.87,4.26,48.57,63.44
S2746,89.63,42.82,69.54,93.81,1.25,49.59,62.19
S2747,82.52,69.33,7.39,100.0,0.42,65.12,56.45
S2748,77.84,50.89,67.4,67.4,0.98,68.25,61.41
S2749,90.02,56.77,32.2,70.83,3.5,62.47,54.05
S2750,34.45,76.1,73.63,100.0,0.64,64.33,50.58
S2751,85.17,46.21,88.54,92.7,1.56,47.14,67.33
S2752,65.19,55.24,45.33,57.65,2.0,69.98,58.84
S2753,47.54,66.58,57.29,57.62,2.22,86.77,49.68
S2754,82.67,25.05,51.21,89.13,6.59,62.23,59.73
S2755,95.6,17.07,84.24,49.78,2.6,61.9,68.15
S2756,72.94,66.23,63.71,91.75,3.7,66.41,65.94
S2757,89.29,68.86,93.11,76.69,2.09,84.01,76.18
S2758,99.18,97.16,69.45,80.35,4.3,49.79,77.63
S2759,94.72,62.85,66.36,64.87,0.73,89.66,64.49
S2760,99.6,74.76,63.23,57.4,0.57,72.16,62.65
S2761,86.13,56.48,76.72,99.24,6.26,65.49,66.8
S2762,76.13,65.35,30.72,65.07,2.84,85.63,60.2
S2763,50.97,90.01,63.54,61.78,2.67,44.9,63.09
S2764,71.31,21.77,60.74,68.4,1.51,73.87,57.56
S2765,62.35,67.45,75.06,73.86,1.13,72.32,60.69
S2766,100.0,98.44,58.62,49.38,1.95,49.1,76.26
S2767,72.36,65.08,43.3,58.7,0.31,72.83,57.85
S2768,76.85,89.71,62.13,57.64,1.46,69.82,66.36
S2769,83.27,48.67,42.51,86.91,1.46,61.96,38.98
S2770,75.65,59.42,27.35,52.28,1.86,79.67,48.1
S2771,100.0,60.6,75.09,34.88,2.42,55.28,54.98
S2772,65.66,20.08,72.42,30.66,7.57,69.6,54.02
S2773,77.92,38.97,70.41,40.59,2.53,62.76,55.56
S2774,63.86,40.26,85.45,97.23,5.16,54.55,57.3
S2775,55.2,74.8,50.03,70.32,1.95,73.55,59.47
S2776,65.82,75.7,36.24,80.02,2.37,61.47,49.64
S2777,74.44,65.83,60.74,80.73,0.17,39.96,53.86
S2778,68.56,74.83,55.74,71.12,0.34,34.38,53.27
S2779,64.61,57.05,46.84,68.5,2.08,78.41,59.33
S2780,53.91,81.63,60.56,90.89,1.21,44.25,68.98
S2781,73.75,60.16,50.99,72.92,3.85,69.75,56.99
S2782,52.43,61.04,28.95,97.98,1.88,65.93,61.27
S2783,86.4,55.22,54.06,82.42,5.13,58.73,64.54
S2784,76.24,72.32,41.55,57.64,8.61,98.26,66.03
S2785,53.14,52.42,66.17,60.06,0.38,68.05,52.62
S2786,70.36,77.58,50.19,55.45,1.21,77.85,58.66
S2787,63.72,39.62,82.01,94.35,2.62,69.84,65.34
S2788,79.79,40.22,90.87,61.9,0.87,61.06,66.44
S2789,95.11,72.37,74.23,54.03,0.75,64.68,62.73
S2790,46.87,58.41,34.08,76.4,4.03,89.8,51.54
S2791,76.73,51.83,89.09,68.06,9.43,83.5,80.66
S2792,72.6,76.02,90.36,75.89,3.57,98.18,75.48
S2793,85.07,49.07,62.34,100.0,1.78,68.77,68.04
S2794,78.2,56.4,85.81,88.26,1.4,50.09,73.94
S2795,63.72,85.19,52.07,70.54,1.86,57.51,57.64
S2796,70.21,87.7,28.41,41.83,1.49,44.81,52.07
S2797,63.06,88.3,48.31,60.0,1.68,78.04,65.63
S2798,91.14,54.92,93.13,84.22,0.55,55.04,78.24
S2799,75.32,82.15,35.16,46.58,5.62,13.06,39.2
S2800,100.0,42.92,61.99,100.0,3.37,100.0,68.25
S2801,74.09,43.68,62.61,70.29,2.74,55.3,51.23
S2802,64.37,17.69,52.77,70.98,7.19,55.2,49.2
S2803,52.29,90.11,54.02,56.67,0.8,93.42,54.61
S2804,47.95,44.45,63.3,79.93,0.2,44.46,54.06
S2805,51.24,57.72,51.88,46.84,4.2,84.32,53.32
S2806,79.01,43.61,36.4,100.0,12.0,55.01,67.59
S2807,82.63,72.51,65.87,96.35,2.07,42.5,73.79
S2808,51.28,53.24,81.32,89.69,0.15,94.0,66.73
S2809,88.43,36.51,77.65,42.19,3.64,80.69,59.14
S2810,67.75,67.95,47.42,74.11,0.18,80.64,59.91
S2811,77.2,34.19,39.48,94.18,1.86,71.25,53.45
S2812,99.18,44.93,56.88,81.86,0.78,75.18,57.16
S2813,88.45,22.08,90.22,49.96,5.92,44.05,65.15
S2814,70.97,34.37,73.62,57.0,1.44,66.9,54.8
S2815,61.63,63.21,74.67,60.96,5.49,49.21,50.78
S2816,42.72,24.64,78.02,57.93,0.85,41.39,47.69
S2817,64.21,33.34,69.57,100.0,1.18,71.99,58.08
S2818,71.83,59.96,64.17,31.58,7.06,84.69,47.16
S2819,60.19,50.22,73.92,83.12,0.54,58.48,50.22
S2820,73.03,95.86,52.17,44.15,2.07,61.4,57.46
S2821,76.15,93.01,36.54,50.77,1.18,45.65,58.98
S2822,71.63,44.38,75.01,29.81,3.57,65.12,59.28
S2823,65.25,70.03,84.28,59.02,0.33,77.92,68.51
S2824,77.53,73.49,41.87,100.0,1.38,78.46,69.61
S2825,81.63,49.25,76.79,75.3,2.88,74.27,65.57
S2826,58.64,33.08,92.25,46.03,1.25,54.49,63.04
S2827,96.16,59.78,61.96,90.34,0.14,53.95,71.61
S2828,73.52,56.89,47.28,94.63,2.93,78.52,64.06
S2829,75.28,52.16,64.21,72.08,1.68,78.8,65.03
S2830,85.62,67.96,52.09,100.0,0.03,62.08,64.24
S2831,78.5,46.49,50.9,86.43,2.28,57.76,58.64
S2832,89.3,39.26,69.8,83.65,6.06,84.84,55.71
S2833,79.31,61.96,33.13,53.93,0.28,58.88,50.64
S2834,65.81,66.95,36.01,82.55,2.14,77.68,68.83
S2835,80.42,38.82,62.35,74.34,3.13,62.67,60.21
S2836,57.84,76.71,61.6,80.4,0.18,47.19,59.63
S2837,76.63,28.13,68.18,56.31,0.05,92.41,62.13
S2838,74.5,49.59,95.75,72.56,1.5,67.04,68.18
S2839,71.88,55.36,63.88,53.66,3.76,52.92,52.32
S2840,73.07,48.55,72.77,27.06,0.42,41.36,51.08
S2841,46.77,49.83,44.44,89.97,4.35,43.07,43.71
S2842,66.77,93.68,75.82,39.95,2.57,58.66,64.84
S2843,76.39,44.68,52.52,72.14,0.97,97.73,54.59
S2844,77.4,100.0,63.29,76.66,1.74,55.06,75.45
S2845,59.58,67.87,60.04,76.53,8.09,89.61,61.9
S2846,93.99,61.66,80.59,64.34,0.59,62.78,63.22
S2847,62.01,68.57,38.42,75.42,1.66,44.92,52.86
S2848,89.54,100.0,20.9,79.42,2.35,56.96,67.54
S2849,81.41,42.12,58.16,84.7,0.36,43.22,50.37
S2850,65.31,39.83,70.43,100.0,0.11,50.45,55.35
S2851,100.0,46.41,64.74,74.68,0.03,49.94,64.07
S2852,57.1,60.58,84.18,71.28,0.94,32.64,65.68
S2853,88.79,28.94,69.87,51.87,0.18,90.72,43.73
S2854,90.01,60.4,51.85,78.72,3.91,68.59,69.26
S2855,64.94,90.48,20.14,83.35,12.0,53.33,59.89
S2856,95.89,62.73,57.73,66.15,0.15,68.77,61.97
S2857,71.25,54.73,80.5,80.89,1.36,50.8,58.67
S2858,79.33,48.87,54.94,64.15,0.06,19.59,50.03
S2859,78.9,76.17,62.51,83.42,0.35,100.0,73.87
S2860,72.99,45.14,69.58,88.25,0.94,68.22,58.5
S2861,87.16,93.24,43.72,87.97,1.2,54.99,78.43
S2862,86.9,94.8,73.22,72.36,6.74,32.12,76.51
S2863,48.77,64.62,91.47,49.2,1.21,39.6,56.54
S2864,94.57,59.79,58.89,57.76,1.65,93.13,65.18
S2865,50.06,78.55,41.68,81.9,0.68,90.53,65.38
S2866,90.49,79.71,60.8,100.0,0.0,77.8,81.52
S2867,91.9,45.49,21.96,63.19,5.51,46.04,46.33
S2868,58.64,50.52,68.06,79.12,0.2,90.67,55.2
S2869,68.84,36.2,70.14,58.88,7.99,72.65,62.38
S2870,58.41,67.36,92.16,50.52,0.34,76.13,67.49
S2871,71.78,72.0,58.51,56.47,2.23,72.58,59.09
S2872,70.38,35.7,69.35,28.35,12.0,39.38,48.34
S2873,86.69,51.81,46.5,97.07,0.36,44.63,61.01
S2874,94.65,35.75,55.58,25.4,1.32,56.33,60.89
S2875,95.94,43.82,34.55,64.72,3.64,75.94,59.03
S2876,66.57,69.92,58.49,46.44,0.08,41.53,45.9
S2877,71.86,46.8,56.5,52.31,2.81,62.02,54.74
S2878,49.75,54.59,67.39,97.53,0.2,62.0,62.46
S2879,62.91,30.71,50.78,74.02,0.65,78.48,50.69
S2880,89.47,63.37,63.5,50.69,0.42,76.47,70.75
S2881,99.23,59.2,56.0,58.21,5.71,47.83,69.41
S2882,56.48,46.88,56.03,54.69,0.48,89.59,51.73
S2883,66.11,56.6,63.45,69.13,0.1,45.22,55.74
S2884,74.6,63.25,62.73,73.46,2.13,83.57,53.23
S2885,79.2,45.33,75.7,100.0,1.02,55.65,72.34
S2886,62.86,33.43,59.83,31.67,1.25,67.79,44.54
S2887,81.36,92.5,55.7,69.3,0.3,68.84,65.01
S2888,67.89,48.6,58.75,63.69,3.31,68.36,53.19
S2889,74.78,58.26,49.14,88.93,2.21,76.47,65.01
S2890,83.19,78.2,55.52,77.1,1.09,71.65,60.04
S2891,75.1,100.0,98.56,81.81,0.45,78.32,72.91
S2892,68.45,37.6,45.57,76.9,2.16,72.9,53.34
S2893,73.36,68.1,56.98,51.36,3.62,43.5,53.46
S2894,73.67,47.26,55.03,94.23,0.9,69.59,62.43
S2895,69.45,50.3,57.55,85.97,0.06,55.41,53.86
S2896,71.12,47.04,56.04,88.31,0.58,46.14,66.11
S2897,98.98,39.74,67.03,95.28,2.75,60.07,71.93
S2898,83.41,59.26,31.22,78.35,10.84,68.12,67.02
S2899,70.57,33.46,80.67,99.62,0.03,69.24,58.72
S2900,85.45,77.04,73.39,77.55,0.88,82.95,86.25
S2901,69.99,60.99,39.63,65.62,0.15,87.22,53.63
S2902,92.6,67.6,21.16,69.87,0.91,70.72,54.63
S2903,80.54,51.61,44.41,69.52,1.25,73.79,62.01
S2904,73.39,53.39,57.63,59.61,6.09,66.62,60.37
S2905,81.72,65.18,100.0,100.0,0.2,78.04,71.46
S2906,51.44,39.05,71.78,75.93,3.6,73.28,68.72
S2907,58.1,53.56,29.46,71.89,1.21,64.07,54.78
S2908,57.09,44.53,49.59,77.77,4.0,100.0,56.79
S2909,77.14,43.97,61.04,100.0,1.73,55.71,76.13
S2910,100.0,22.02,66.57,47.37,0.1,89.73,63.71
S2911,100.0,84.11,38.33,53.1,7.01,41.98,65.09
S2912,84.57,47.64,59.57,42.39,0.21,78.83,70.62
S2913,82.51,80.94,49.08,65.35,2.19,89.42,70.42
S2914,47.98,79.24,42.13,74.91,5.04,32.58,56.98
S2915,66.86,36.85,66.67,60.69,0.2,67.36,51.04
S2916,63.18,40.41,75.93,59.21,1.94,77.16,56.93
S2917,65.69,100.0,77.14,72.85,4.17,69.28,69.33
S2918,72.48,91.52,72.34,59.96,10.3,71.43,80.82
S2919,67.92,59.43,53.05,76.2,3.09,67.32,49.53
S2920,45.31,64.63,74.86,92.28,0.78,46.4,66.3
S2921,86.22,48.64,67.56,83.54,2.89,100.0,63.51
S2922,58.91,67.78,64.41,87.62,2.94,56.44,61.07
S2923,78.59,47.09,50.99,91.72,2.89,72.38,59.93
S2924,100.0,23.42,53.06,75.66,4.62,54.0,56.23
S2925,61.21,36.21,63.33,66.83,0.22,26.31,52.11
S2926,37.05,60.38,100.0,54.55,0.28,49.28,54.56
S2927,70.71,39.64,67.42,62.18,2.46,40.39,49.68
S2928,91.51,58.79,51.0,59.53,7.38,83.56,66.74
S2929,100.0,40.66,47.02,84.63,1.5,54.68,57.27
S2930,56.56,45.92,53.15,76.94,7.76,56.26,51.77
S2931,82.45,75.36,100.0,83.94,6.68,46.91,67.32
S2932,68.02,64.45,54.81,46.79,5.6,66.6,54.63
S2933,73.41,59.83,78.32,98.63,5.78,52.82,71.91
S2934,100.0,75.82,55.23,61.46,5.49,81.87,71.58
S2935,52.46,68.65,66.7,48.0,4.11,70.13,67.35
S2936,78.81,86.04,76.25,61.22,2.85,55.28,83.97
S2937,82.02,51.72,51.71,100.0,0.06,79.45,61.38
S2938,91.29,52.27,50.46,62.25,0.34,65.13,54.39
S2939,76.47,36.58,91.86,63.5,0.35,65.37,67.82
S2940,79.62,52.28,79.72,66.16,0.06,40.14,62.28
S2941,69.13,77.37,76.23,67.03,0.3,63.79,71.4
S2942,79.04,83.4,76.17,54.37,6.05,70.47,72.3
S2943,69.85,77.29,70.27,72.86,2.62,87.67,66.81
S2944,84.32,27.7,98.32,91.51,0.9,52.22,64.55
S2945,69.46,79.5,62.79,76.29,3.78,100.0,71.75
S2946,80.66,26.91,72.39,47.78,1.61,74.47,54.17
S2947,74.56,76.17,35.88,63.11,0.37,39.17,61.94
S2948,91.89,53.38,47.15,58.97,5.18,50.63,51.76
S2949,74.23,72.65,40.39,71.06,0.99,89.16,68.52
S2950,48.4,36.02,84.93,96.61,2.88,86.13,49.6
S2951,93.93,81.08,16.05,67.02,0.82,65.31,60.78
S2952,61.41,33.63,54.76,68.24,1.66,67.55,48.87
S2953,65.19,47.97,8.11,100.0,4.07,45.2,39.97
S2954,66.07,42.03,47.04,87.52,0.41,87.46,44.05
S2955,95.62,28.42,53.16,81.48,9.08,48.21,55.22
S2956,42.96,61.7,86.93,100.0,0.17,79.36,63.76
S2957,100.0,92.51,69.14,79.8,1.83,87.98,75.4
S2958,90.84,100.0,47.0,30.27,5.95,65.82,59.96
S2959,78.35,61.75,81.19,86.65,6.99,81.45,80.93
S2960,74.18,80.1,62.32,38.16,0.63,96.41,55.32
S2961,79.28,64.18,62.68,79.04,0.37,69.56,68.26
S2962,82.82,68.98,40.35,35.73,3.09,62.02,50.34
S2963,84.68,53.84,44.18,60.66,0.1,63.86,49.57
S2964,83.33,63.51,47.15,62.72,1.59,52.37,54.78
S2965,76.34,69.67,62.84,54.6,3.82,51.99,64.61
S2966,72.04,49.59,63.4,63.02,1.97,72.52,50.07
S2967,72.73,58.61,89.79,90.65,0.5,62.21,69.66
S2968,72.08,58.95,68.93,55.72,1.6,70.57,54.05
S2969,92.01,74.88,13.26,80.9,6.1,39.67,55.1
S2970,83.9,40.81,66.73,50.69,2.3,63.43,59.99
S2971,30.89,59.07,35.9,66.21,3.07,82.51,59.48
S2972,84.84,94.42,44.61,76.48,0.98,45.98,60.11
S2973,77.92,80.95,47.38,50.07,0.5,65.28,63.76
S2974,74.72,84.29,50.06,43.77,0.71,33.47,53.94
S2975,69.17,60.44,37.25,79.84,1.83,42.81,51.15
S2976,91.86,65.78,65.66,92.46,0.79,78.73,77.82
S2977,89.21,78.04,36.61,68.42,1.87,59.74,57.35
S2978,63.41,88.08,68.42,60.85,2.95,95.98,60.43
S2979,81.11,24.87,100.0,73.11,3.18,72.35,67.8
S2980,60.43,36.32,38.07,71.11,0.43,74.02,57.84
S2981,54.31,83.57,56.88,74.86,3.33,46.7,63.73
S2982,65.6,55.02,16.58,19.44,2.68,58.45,32.38
S2983,87.94,47.91,56.58,48.62,0.03,52.55,51.75
S2984,89.3,37.43,73.57,53.1,0.15,46.89,63.13
S2985,82.7,50.01,74.97,73.02,2.49,76.29,74.99
S2986,85.88,34.76,63.39,73.72,1.16,79.7,62.08
S2987,82.74,97.64,78.01,82.72,0.38,71.78,72.12
S2988,65.38,59.6,100.0,75.15,0.11,50.92,74.56
S2989,81.48,58.96,92.82,43.99,0.42,70.62,64.15
S2990,87.01,70.59,52.59,98.94,7.58,32.48,64.63
S2991,86.31,77.32,35.88,95.44,3.12,87.49,64.19
S2992,92.83,77.03,54.69,44.84,1.8,42.93,54.3
S2993,85.62,79.33,44.95,76.65,6.81,45.95,82.76
S2994,80.27,48.64,70.12,58.09,2.32,66.96,68.92
S2995,91.05,54.64,40.74,72.78,3.1,68.47,57.22
S2996,74.6,73.84,60.69,91.07,0.8,63.76,76.38
S2997,61.77,50.51,77.08,100.0,2.13,46.13,64.84
S2998,72.55,59.91,60.19,85.03,0.37,84.27,66.37
S2999,63.83,67.18,44.97,75.9,1.24,36.34,49.72
S3000,64.87,74.13,83.15,63.2,0.08,39.78,58.09
S3001,72.83,28.0,28.18,73.64,0.59,63.18,46.85
S3002,63.11,72.87,56.1,97.2,0.19,43.51,48.8
S3003,70.38,55.79,61.25,69.11,1.18,85.78,57.62
S3004,46.6,72.73,62.29,52.28,4.44,44.97,53.24
S3005,78.2,73.98,65.25,37.61,1.14,91.47,70.61
S3006,75.02,88.94,72.99,80.26,4.28,82.6,69.88
S3007,62.74,84.36,61.36,74.95,2.56,86.0,70.83
S3008,84.89,84.24,55.37,57.08,1.71,97.08,55.91
S3009,89.06,85.99,54.66,90.52,0.65,66.38,77.94
S3010,50.89,65.24,50.99,61.56,6.13,47.78,47.64
S3011,63.56,60.58,76.18,67.31,0.13,63.25,60.51
S3012,63.46,75.71,50.36,69.67,2.8,55.37,60.91
S3013,60.9,73.18,77.24,62.98,2.33,52.94,62.48
S3014,87.44,54.44,62.34,74.72,1.4,67.56,63.24
S3015,72.09,67.29,52.62,93.03,0.66,59.7,54.81
S3016,71.03,59.37,73.13,47.15,1.35,52.21,51.89
S3017,44.94,44.63,48.91,79.77,4.95,60.83,56.44
S3018,84.53,83.23,73.49,73.44,4.35,74.33,69.52
S3019,56.41,60.99,65.83,73.08,6.81,81.26,61.34
S3020,75.9,96.88,51.27,87.44,0.88,37.75,56.98
S3021,79.16,30.74,71.52,70.99,1.17,59.85,62.61
S3022,95.41,49.98,71.84,79.6,0.05,62.6,58.52
S3023,55.37,60.59,82.84,84.32,6.87,44.9,68.6
S3024,30.0,80.47,79.39,59.91,0.96,62.97,48.86
S3025,77.76,67.19,70.84,75.98,1.24,67.52,71.9
S3026,100.0,65.59,41.7,64.98,5.72,73.82,66.51
S3027,93.58,39.71,100.0,67.35,1.79,66.31,65.62
S3028,78.14,39.18,36.73,63.56,2.0,50.02,59.86
S3029,67.63,65.81,79.09,79.42,0.47,99.2,67.54
S3030,87.11,35.45,69.76,71.63,1.66,79.1,60.13
S3031,60.4,50.43,40.87,77.89,6.01,74.4,60.94
S3032,82.15,69.02,59.76,69.65,1.96,82.08,57.05
S3033,82.58,42.32,60.58,37.92,0.71,69.16,39.02
S3034,90.9,88.9,85.5,70.63,0.08,86.87,83.87
S3035,100.0,82.03,49.16,71.27,0.98,65.97,64.0
S3036,80.89,31.71,57.28,74.85,2.04,65.03,61.96
S3037,67.37,43.22,19.95,58.13,0.1,75.8,46.1
S3038,74.62,18.86,93.23,46.09,2.26,91.8,51.31
S3039,48.46,45.91,42.73,82.49,1.78,90.7,55.82
S3040,64.58,73.79,67.88,64.53,3.67,75.08,61.04
S3041,68.86,52.55,60.17,73.42,0.07,73.78,51.72
S3042,67.14,68.29,60.24,64.37,3.64,76.83,55.34
S3043,77.29,32.6,76.58,69.88,1.77,81.76,50.3
S3044,62.66,74.36,92.08,61.01,1.11,87.08,69.79
S3045,91.82,50.01,66.53,50.64,8.07,60.98,58.38
S3046,75.0,60.22,73.79,79.47,0.42,87.41,66.22
S3047,74.86,58.33,67.92,57.94,1.87,70.83,59.58
S3048,70.08,37.11,80.32,73.28,0.93,76.07,54.42
S3049,77.33,39.24,53.67,78.21,1.8,88.49,50.26
S3050,87.38,77.42,81.36,58.26,1.93,77.7,86.28
S3051,61.99,67.18,81.99,45.92,0.22,80.57,60.1
S3052,65.13,78.9,81.49,100.0,2.6,58.38,81.44
S3053,70.44,65.84,50.12,59.44,2.42,90.47,66.96
S3054,54.81,62.57,58.97,82.47,3.52,76.83,57.9
S3055,62.71,28.93,66.31,100.0,0.23,67.14,57.64
S3056,67.86,55.13,37.32,85.8,0.85,83.72,58.03
S3057,88.12,59.51,90.71,63.99,2.52,100.0,84.0
S3058,78.94,95.16,61.78,68.66,0.35,45.13,71.09
S3059,77.9,72.37,67.11,53.35,2.72,51.34,57.02
S3060,87.76,87.65,51.61,87.63,0.15,100.0,75.12
S3061,72.94,70.76,38.12,81.33,0.98,72.25,64.75
S3062,80.86,47.2,51.13,59.71,4.5,68.24,50.86
S3063,73.45,62.11,65.95,49.16,3.57,63.04,62.4
S3064,78.98,64.25,74.12,43.58,2.48,85.54,71.83
S3065,66.26,43.1,64.91,89.73,4.91,100.0,58.93
S3066,38.42,53.08,68.24,72.41,2.96,53.69,47.27
S3067,72.99,56.3,55.93,74.3,1.76,63.35,66.01
S3068,96.34,88.9,70.93,53.54,9.36,59.04,72.54
S3069,88.89,22.55,88.69,40.73,2.85,77.46,53.86
S3070,89.48,81.7,74.69,89.25,2.21,85.78,82.01
S3071,93.54,43.14,76.57,70.84,1.26,92.56,71.3
S3072,76.33,35.3,67.29,88.14,5.58,78.03,63.99
S3073,77.96,81.24,34.94,62.28,0.84,100.0,69.24
S3074,65.74,73.17,43.2,65.26,0.02,55.23,62.21
S3075,70.26,82.58,70.19,84.27,0.53,50.81,65.61
S3076,84.24,74.41,61.8,84.65,0.28,89.98,81.98
S3077,93.06,97.08,69.92,85.95,0.92,67.09,86.23
S3078,72.91,70.06,92.18,64.1,4.2,41.61,54.64
S3079,68.25,57.18,75.07,82.29,2.53,59.63,56.9
S3080,75.01,66.17,84.66,92.18,0.44,69.35,56.37
S3081,84.02,82.38,63.7,67.9,3.73,54.01,65.73
S3082,53.34,45.97,47.47,59.73,1.68,47.75,39.33
S3083,40.56,48.27,60.96,96.85,1.73,61.47,48.64
S3084,66.74,54.44,47.51,56.91,1.08,46.9,57.39
S3085,56.69,22.12,90.05,82.59,4.8,75.8,48.44
S3086,67.38,62.49,76.23,68.83,0.92,31.96,59.35
S3087,72.78,26.05,71.37,33.17,0.24,66.54,50.17
S3088,68.2,60.96,84.25,92.57,0.87,73.83,67.3
S3089,96.79,75.58,25.64,14.84,3.02,63.46,55.3
S3090,79.9,51.42,72.59,30.32,2.57,83.58,45.57
S3091,79.51,90.19,38.41,80.55,0.5,41.7,57.24
S3092,84.33,33.71,61.87,80.54,0.28,53.08,66.99
S3093,57.92,81.44,56.39,57.25,2.6,59.39,50.69
S3094,90.59,72.15,73.91,72.96,2.71,77.12,81.87
S3095,73.86,29.11,66.11,19.37,1.09,68.71,39.39
S3096,85.06,100.0,86.21,84.14,4.44,100.0,74.19
S3097,58.92,58.85,51.17,74.99,9.18,51.3,51.99
S3098,51.69,44.21,74.76,69.09,0.55,41.29,58.26
S3099,87.27,34.67,64.92,70.42,2.07,95.41,59.6
S3100,80.65,56.04,32.56,79.87,0.01,40.68,56.01
S3101,61.47,57.71,45.46,69.42,3.0,76.61,56.02
S3102,61.96,61.85,59.3,32.52,1.28,48.36,49.75
S3103,91.88,54.64,82.02,100.0,0.52,29.82,76.19
S3104,57.16,71.4,70.35,94.02,3.35,58.63,68.91
S3105,99.64,53.02,40.98,44.3,3.99,80.29,53.53
S3106,61.49,25.17,59.47,63.1,0.28,44.23,44.68
S3107,84.58,57.31,98.32,65.28,0.1,74.79,80.05
S3108,70.07,17.39,64.0,91.58,0.98,77.97,57.73
S3109,84.05,66.37,56.11,26.81,2.36,43.38,46.0
S3110,66.84,42.37,70.85,60.02,3.78,61.13,47.74
S3111,72.56,62.94,75.74,34.79,1.9,91.81,66.56
S3112,75.61,83.65,53.79,64.3,2.09,76.06,68.9
S3113,59.97,42.92,71.05,60.55,3.86,60.55,49.33
S3114,86.11,79.1,56.08,71.59,1.81,72.06,71.9
S3115,67.3,52.2,74.95,57.9,2.27,53.35,67.01
S3116,71.57,91.56,65.05,54.98,1.74,83.93,75.47
S3117,60.08,53.43,70.68,82.39,5.1,83.93,72.77
S3118,36.56,44.87,48.33,79.09,0.64,67.06,50.01
S3119,72.13,72.37,47.22,81.03,0.74,68.92,60.3
S3120,100.0,52.16,79.02,66.46,0.33,48.02,63.76
S3121,86.77,44.85,60.57,58.57,4.11,42.02,57.71
S3122,74.71,51.4,67.13,67.62,1.27,58.6,53.77
S3123,71.06,59.2,56.48,80.02,1.03,63.51,57.61
S3124,75.34,84.16,78.18,26.46,9.56,83.06,76.01
S3125,83.21,25.19,51.06,77.88,6.28,80.68,49.28
S3126,57.29,60.42,59.56,76.18,8.58,68.14,51.6
S3127,91.71,71.25,76.15,71.24,0.37,85.24,76.79
S3128,85.73,63.48,83.11,67.01,5.32,48.96,66.26
S3129,85.77,83.58,52.57,18.68,0.96,83.31,48.73
S3130,81.58,58.66,97.27,61.2,0.03,51.56,65.57
S3131,75.29,56.68,67.64,100.0,1.19,86.07,66.67
S3132,85.09,70.66,43.23,70.26,1.71,64.77,59.33
S3133,83.88,61.79,68.64,63.85,0.27,31.03,63.99
S3134,69.69,52.97,55.11,70.34,1.85,77.41,50.26
S3135,66.4,69.29,69.81,77.1,4.11,78.76,65.99
S3136,76.53,48.25,61.23,83.18,1.14,57.24,58.53
S3137,98.24,49.0,63.34,65.42,1.04,58.69,63.46
S3138,56.41,50.5,45.59,78.5,0.99,62.29,41.43
S3139,52.99,84.36,79.82,100.0,6.16,32.27,64.25
S3140,77.47,2.02,41.19,90.13,0.12,24.8,44.19
S3141,75.76,67.12,42.04,100.0,1.41,87.13,68.44
S3142,77.6,60.62,68.61,56.86,0.74,50.99,70.32
S3143,78.66,29.74,90.85,100.0,5.38,96.54,75.96
S3144,71.65,65.58,55.65,54.19,0.24,88.3,62.0
S3145,97.35,68.56,74.62,77.07,1.27,91.64,81.96
S3146,50.99,70.61,81.32,84.65,1.25,53.94,60.03
S3147,62.57,12.27,76.66,59.78,5.26,37.66,58.12
S3148,73.45,84.6,56.4,71.76,0.58,46.52,68.98
S3149,50.35,46.72,42.36,88.21,2.48,57.41,47.94
S3150,72.36,72.36,22.26,55.79,0.35,24.66,59.57
S3151,99.92,73.34,57.27,100.0,7.39,56.92,78.17
S3152,75.31,44.22,83.21,42.31,2.16,61.57,71.05
S3153,78.46,71.89,41.77,100.0,2.36,42.99,64.65
S3154,56.1,53.06,74.6,90.03,1.37,47.31,55.1
S3155,65.75,22.72,44.9,68.21,1.01,61.25,42.21
S3156,69.37,81.02,63.91,61.95,0.57,71.06,60.88
S3157,70.23,46.05,74.74,59.86,2.22,49.86,53.36
S3158,94.22,44.62,50.13,67.28,7.42,69.97,70.93
S3159,83.37,52.74,65.07,69.03,1.07,67.33,61.85
S3160,58.33,64.9,54.53,95.1,5.15,65.8,52.21
S3161,78.7,58.97,74.69,100.0,0.39,53.92,68.27
S3162,82.47,69.87,66.24,73.99,6.6,42.33,67.22
S3163,92.1,35.89,63.02,53.09,1.04,93.84,57.86
S3164,98.71,46.64,90.05,59.09,1.15,75.72,70.63
S3165,59.77,57.91,73.92,66.34,1.49,82.1,59.95
S3166,62.84,94.16,49.57,49.4,3.04,63.58,63.55
S3167,56.14,57.95,60.45,46.42,3.05,62.21,55.88
S3168,71.49,79.53,60.63,100.0,1.57,73.34,71.21
S3169,82.0,60.69,63.45,76.05,1.78,33.81,53.21
S3170,89.81,51.29,100.0,53.34,0.07,46.05,78.07
S3171,73.86,55.56,68.68,86.33,0.87,51.44,52.51
S3172,70.2,56.97,25.35,46.43,1.02,57.27,46.44
S3173,77.28,70.87,52.23,48.08,1.96,50.05,50.57
S3174,62.47,84.74,27.22,53.94,1.96,70.66,56.53
S3175,100.0,66.47,56.06,100.0,2.97,66.38,73.46
S3176,50.89,81.37,26.23,64.94,3.03,88.68,53.35
S3177,77.77,42.63,46.31,21.17,0.64,100.0,59.84
S3178,100.0,52.54,34.63,94.2,3.53,43.53,69.33
S3179,75.1,46.96,68.91,63.87,0.05,67.5,56.34
S3180,72.15,65.66,62.01,33.01,3.02,67.47,61.61
S3181,69.64,53.54,67.45,63.67,0.26,64.76,67.15
S3182,72.29,73.14,60.12,80.42,3.14,46.56,69.62
S3183,95.59,43.24,36.9,78.08,1.8,49.41,56.66
S3184,41.82,60.77,71.24,100.0,1.38,69.09,49.92
S3185,98.0,72.36,96.6,52.94,2.82,48.93,74.48
S3186,53.64,22.82,69.37,70.93,0.09,67.71,53.32
S3187,71.0,98.19,54.33,56.01,0.61,60.82,58.42
S3188,68.56,54.9,36.29,39.16,2.3,67.41,49.28
S3189,83.83,23.55,45.65,87.71,4.51,48.79,54.59
S3190,51.03,62.85,70.15,79.27,1.15,67.68,66.92
S3191,81.93,60.6,81.32,75.67,0.72,50.02,76.7
S3192,100.0,58.53,66.7,78.54,1.76,67.73,76.53
S3193,54.55,77.84,76.4,56.29,2.34,87.77,62.36
S3194,77.85,73.45,74.74,49.89,1.31,69.44,71.07
S3195,65.07,65.36,71.12,70.75,5.02,70.47,67.63
S3196,81.39,68.1,50.15,93.22,1.78,78.89,66.31
S3197,75.29,58.12,65.13,100.0,0.09,41.14,75.18
S3198,65.38,91.96,46.73,85.91,0.61,94.22,62.27
S3199,82.32,33.37,62.31,70.58,1.44,47.05,59.35
S3200,100.0,62.51,67.96,75.4,2.87,79.95,76.87
S3201,72.14,61.17,92.22,70.23,0.6,77.7,65.59
S3202,85.8,74.64,38.42,49.48,8.98,49.66,64.29
S3203,55.6,44.81,70.67,70.49,0.92,82.15,61.92
S3204,60.65,28.61,88.66,43.3,1.82,73.46,54.84
S3205,82.09,62.82,75.66,67.52,0.05,97.13,70.92
S3206,97.26,65.06,76.99,100.0,5.19,68.29,77.78
S3207,80.33,86.81,72.58,86.46,3.73,63.15,77.9
S3208,70.3,37.13,85.37,51.54,0.52,56.25,54.32
S3209,74.99,80.78,42.43,68.55,6.5,35.36,58.59
S3210,56.24,100.0,37.05,53.31,0.91,59.59,56.01
S3211,84.07,53.2,61.89,68.75,2.83,60.31,68.89
S3212,88.23,36.76,23.1,90.82,4.1,69.45,46.17
S3213,68.22,52.67,84.15,83.06,3.24,40.81,57.12
S3214,67.95,60.25,83.97,100.0,5.99,60.94,83.58
S3215,78.99,70.15,54.2,93.85,4.79,74.8,70.22
S3216,68.45,49.35,55.33,74.08,12.0,76.48,60.37
S3217,74.01,87.99,60.7,83.54,0.48,33.38,69.12
S3218,100.0,39.94,62.94,65.95,0.87,77.01,58.89
S3219,71.29,28.69,64.29,47.45,2.43,60.81,38.22
S3220,69.62,79.92,72.05,96.12,3.17,61.85,72.12
S3221,65.29,19.06,58.89,90.18,1.84,24.8,44.45
S3222,86.16,56.33,78.98,65.18,0.18,90.39,68.12
S3223,72.28,100.0,70.03,75.48,4.42,68.01,74.39
S3224,65.26,59.78,51.07,94.82,7.78,38.97,61.35
S3225,94.82,39.83,86.03,86.93,1.25,71.38,59.42
S3226,96.29,58.97,37.55,40.74,0.61,70.86,57.04
S3227,65.99,59.09,60.34,74.87,0.05,85.78,62.88
S3228,47.0,62.89,79.4,66.65,0.65,59.74,48.11
S3229,90.11,71.92,48.98,92.26,2.89,65.2,59.4
S3230,64.73,41.3,67.57,90.62,5.82,54.07,53.45
S3231,86.86,90.38,71.78,96.37,0.24,75.17,80.72
S3232,45.45,64.41,46.51,47.64,1.93,51.68,34.84
S3233,88.39,73.08,60.7,54.32,2.85,49.82,68.39
S3234,56.83,48.69,59.18,92.28,0.78,63.85,58.75
S3235,85.96,83.15,52.07,58.17,2.02,44.16,61.14
S3236,75.21,55.37,100.0,39.57,3.01,92.24,57.66
S3237,60.69,65.0,48.26,80.65,4.36,97.76,57.1
S3238,68.89,43.2,80.09,59.06,1.45,57.29,61.88
S3239,85.29,42.06,54.93,100.0,3.31,41.43,69.06
S3240,76.59,72.39,42.44,75.92,0.86,70.72,54.82
S3241,83.77,52.02,63.85,73.21,0.58,56.8,67.91
S3242,100.0,44.63,73.68,62.62,0.5,84.97,70.92
S3243,51.54,48.42,78.57,100.0,1.07,51.62,58.94
S3244,99.26,72.58,90.12,77.17,0.09,74.26,71.97
S3245,76.57,48.68,100.0,61.83,0.8,66.94,61.76
S3246,61.52,57.88,66.51,54.12,2.53,53.5,65.93
S3247,55.05,60.27,50.06,68.53,2.51,69.08,55.34
S3248,72.16,25.49,70.15,50.45,0.18,79.94,60.8
S3249,88.82,33.52,57.21,90.58,0.81,66.48,62.44
S3250,73.09,66.05,78.67,33.83,2.02,66.65,57.25
S3251,97.67,46.73,38.65,67.21,0.92,50.16,60.56
S3252,53.23,79.02,100.0,82.2,1.3,84.45,83.48
S3253,74.82,77.4,77.41,76.84,2.99,82.76,67.1
S3254,56.21,72.95,31.69,55.65,0.02,58.02,54.62
S3255,80.45,92.76,49.24,83.21,0.78,62.89,68.81
S3256,88.3,58.5,76.69,52.28,0.37,89.04,57.35
S3257,68.69,71.68,83.17,69.55,0.33,45.73,54.48
S3258,35.94,49.48,39.1,83.04,7.67,75.27,47.81
S3259,77.98,100.0,74.83,79.26,1.13,55.5,74.55
S3260,81.55,95.71,26.95,56.5,1.8,95.23,69.08
S3261,81.06,60.21,60.39,93.95,3.18,66.08,57.25
S3262,93.54,66.96,82.02,71.73,0.12,86.43,76.56
S3263,58.93,84.47,52.07,84.86,0.66,52.06,59.6
S3264,85.2,57.35,34.88,100.0,4.28,43.78,61.29
S3265,92.89,48.18,64.63,92.35,4.75,61.02,71.65
S3266,48.32,75.73,51.12,92.4,1.12,69.47,69.29
S3267,79.79,61.41,73.33,73.85,1.13,56.32,65.99
S3268,67.44,63.29,46.06,85.88,3.39,77.89,52.96
S3269,73.78,44.98,48.09,74.27,0.84,61.43,53.64
S3270,80.22,29.08,25.62,45.81,0.3,29.62,46.09
S3271,67.69,64.25,65.06,76.05,0.71,74.4,67.3
S3272,64.86,76.29,59.1,75.13,1.18,50.0,64.15
S3273,75.51,55.94,40.61,81.67,0.13,58.85,53.33
S3274,58.69,85.86,65.49,67.44,1.56,91.4,56.77
S3275,58.71,47.33,80.49,54.77,3.23,95.14,63.12
S3276,85.19,41.02,58.12,83.13,1.73,55.22,52.7
S3277,57.77,58.79,66.83,43.73,0.18,74.82,57.86
S3278,84.99,58.51,66.92,99.18,1.39,55.61,71.63
S3279,81.94,73.86,40.32,65.37,2.96,60.12,57.81
S3280,49.11,46.05,99.02,74.91,0.14,54.7,57.4
S3281,64.84,84.63,53.52,81.17,0.15,35.69,60.85
S3282,92.91,95.4,73.81,81.81,1.11,66.62,72.87
S3283,60.28,59.3,75.85,41.82,0.52,69.9,47.33
S3284,68.03,82.49,59.49,86.48,6.55,53.59,66.78
S3285,81.93,40.98,72.92,76.06,2.09,83.49,64.46
S3286,86.75,79.35,66.42,57.29,0.81,57.59,73.77
S3287,71.23,78.85,36.48,55.01,2.93,54.17,51.31
S3288,66.04,75.54,56.02,63.32,1.13,73.95,66.69
S3289,96.34,59.72,50.97,44.03,0.34,38.77,49.99
S3290,100.0,6.82,53.69,100.0,0.65,80.41,52.4
S3291,89.68,48.45,38.53,99.72,2.47,58.16,60.02
S3292,76.28,48.73,82.28,79.03,0.13,81.82,59.73
S3293,62.88,42.39,90.84,65.53,0.76,86.9,53.11
S3294,62.54,62.2,79.6,66.06,0.56,75.88,73.44
S3295,82.84,52.46,84.87,85.16,0.54,51.2,63.63
S3296,81.28,45.16,55.8,100.0,2.76,43.74,75.13
S3297,96.02,40.94,50.55,58.59,4.19,40.62,51.28
S3298,84.76,47.12,47.99,47.65,3.02,83.75,46.99
S3299,52.45,80.19,73.59,100.0,2.49,62.71,74.13
S3300,90.78,48.1,66.09,34.26,5.96,54.81,54.77
S3301,60.03,50.73,60.61,49.83,0.14,62.75,51.93
S3302,69.24,51.78,85.31,65.06,0.44,83.37,54.91
S3303,78.75,66.1,69.29,38.79,1.28,78.24,60.82
S3304,100.0,68.21,46.9,92.24,1.12,72.45,61.43
S3305,100.0,5.2,49.74,87.14,1.3,75.84,56.85
S3306,84.1,78.39,74.28,58.5,0.55,68.06,64.57
S3307,72.25,85.85,80.75,95.59,0.39,70.14,74.31
S3308,83.02,41.1,71.93,98.99,1.71,68.76,69.69
S3309,88.31,42.5,96.14,67.74,6.32,65.0,71.07
S3310,70.19,51.9,91.43,60.99,1.19,77.81,66.44
S3311,100.0,46.39,69.94,100.0,0.11,71.14,69.78
S3312,78.45,64.03,46.91,84.42,2.94,50.03,58.32
S3313,82.47,24.96,38.42,75.13,0.83,73.99,55.19
S3314,84.99,39.88,55.03,97.27,0.67,69.2,61.41
S3315,81.32,87.71,75.56,76.04,0.94,75.39,71.96
S3316,87.58,43.29,94.88,59.89,3.09,63.23,68.77
S3317,65.74,82.38,69.51,71.6,4.1,78.8,61.29
S3318,66.63,66.4,83.04,90.77,2.13,63.96,76.2
S3319,58.5,27.43,57.58,30.16,0.93,77.31,42.85
S3320,81.59,71.44,73.21,64.24,0.89,57.24,65.88
S3321,86.68,57.88,76.82,97.66,0.32,58.42,68.99
S3322,81.87,51.8,26.37,59.76,6.5,75.23,59.75
S3323,100.0,64.41,54.56,100.0,2.44,59.36,72.98
S3324,74.92,68.54,79.09,98.29,0.07,100.0,72.73
S3325,85.03,72.74,66.94,68.69,2.61,74.63,76.96
S3326,58.62,81.21,40.46,58.63,1.42,65.42,35.82
S3327,69.19,67.35,18.26,64.25,8.63,78.94,63.72
S3328,85.43,35.24,55.42,100.0,4.1,56.83,67.74
S3329,87.74,51.47,60.71,100.0,0.45,80.69,56.65
S3330,70.59,100.0,46.09,72.51,3.06,80.22,72.87
S3331,73.93,73.04,64.58,57.84,1.6,86.31,70.46
S3332,52.23,100.0,71.11,72.34,0.5,57.51,67.5
S3333,69.64,85.12,74.07,74.88,2.88,44.21,56.99
S3334,88.36,64.35,19.59,45.13,1.9,54.63,56.16
S3335,83.63,65.43,38.34,71.6,0.07,60.21,64.5
S3336,82.51,59.34,56.52,96.45,2.5,93.34,65.42
S3337,75.75,28.72,72.3,34.01,2.42,100.0,58.1
S3338,75.11,60.32,70.81,86.53,0.37,70.86,63.14
S3339,65.1,81.79,70.49,97.5,1.03,65.16,73.7
S3340,85.48,49.21,55.1,58.79,2.12,59.05,56.13
S3341,81.31,67.42,56.1,100.0,0.36,79.02,64.63
S3342,82.38,75.33,48.89,56.19,4.6,100.0,65.93
S3343,67.11,43.63,75.83,78.82,0.07,95.36,54.01
S3344,42.7,51.88,45.43,63.86,0.26,84.35,47.45
S3345,91.46,41.68,77.3,63.86,0.3,84.1,66.97
S3346,67.82,45.2,65.74,57.65,1.8,79.15,61.83
S3347,62.06,36.82,61.19,83.97,2.32,64.2,56.79
S3348,85.4,43.79,50.18,86.98,1.24,52.48,50.46
S3349,69.12,85.55,37.6,68.71,0.82,64.65,67.2
S3350,90.9,43.52,50.34,42.8,3.98,72.18,65.74
S3351,84.26,62.28,56.06,78.06,0.17,40.29,61.23
S3352,85.25,50.95,19.36,78.44,0.79,62.4,49.26
S3353,54.51,81.22,58.45,65.67,0.1,50.96,53.37
S3354,93.18,83.6,78.64,100.0,0.03,82.24,77.76
S3355,78.92,75.55,72.21,38.72,1.05,55.65,62.85
S3356,69.46,65.51,53.07,25.65,0.52,70.58,50.42
S3357,77.15,55.84,62.84,55.38,0.75,53.1,51.87
S3358,48.36,38.55,51.99,84.21,4.13,92.16,60.25
S3359,81.13,94.98,64.68,48.88,0.43,36.09,64.91
S3360,59.56,46.33,89.72,50.38,3.64,73.09,52.47
S3361,54.71,71.95,79.43,89.02,2.7,43.29,64.73
S3362,52.16,79.07,71.37,79.25,0.95,56.34,62.1
S3363,91.69,50.0,53.13,77.54,1.9,68.51,58.67
S3364,65.56,78.68,75.5,85.63,1.41,69.34,74.88
S3365,98.01,73.76,31.64,61.5,0.33,68.9,62.67
S3366,66.96,91.1,57.46,62.42,5.71,67.58,64.13
S3367,49.39,51.55,72.51,86.2,2.02,54.09,56.01
S3368,58.25,36.85,75.33,43.1,5.09,62.21,54.9
S3369,93.54,50.9,74.06,27.15,4.17,65.54,60.65
S3370,72.66,63.76,67.31,61.33,0.2,68.32,60.03
S3371,66.78,61.05,58.48,88.62,0.56,63.88,66.95
S3372,77.4,52.92,71.68,75.11,0.38,77.4,54.96
S3373,82.53,25.63,44.85,87.15,4.26,66.59,49.08
S3374,91.76,68.47,46.8,29.67,4.76,68.42,64.33
S3375,96.73,95.5,63.11,76.31,1.8,58.49,88.6
S3376,69.6,68.36,65.12,83.08,0.26,47.11,66.66
S3377,55.11,70.96,29.14,42.98,0.35,67.62,58.37
S3378,68.8,70.3,70.19,87.24,4.03,85.53,66.35
S3379,78.9,67.15,75.91,67.77,6.35,72.55,65.11
S3380,60.54,76.77,60.61,100.0,0.53,51.1,65.73
S3381,60.64,67.12,100.0,26.46,0.03,78.85,66.17
S3382,80.16,54.37,49.71,97.38,0.96,59.3,54.01
S3383,74.27,45.67,55.5,62.12,0.07,77.15,54.59
S3384,75.49,55.52,54.89,37.66,4.22,58.73,54.43
S3385,63.62,65.65,60.63,59.46,1.62,71.01,53.92
S3386,71.54,54.31,56.08,75.55,2.46,56.19,54.77
S3387,61.14,65.66,36.68,90.75,1.27,56.62,60.72
S3388,88.35,67.9,52.16,100.0,1.02,38.37,68.27
S3389,90.53,75.0,60.24,98.44,0.6,73.71,76.91
S3390,47.31,83.09,84.11,50.69,3.53,71.29,63.79
S3391,61.06,61.4,100.0,92.6,2.85,72.25,64.85
S3392,52.55,36.46,86.04,77.83,1.07,69.68,59.36
S3393,65.25,53.79,48.04,56.91,0.93,52.04,45.17
S3394,73.75,60.79,49.48,65.76,0.0,81.42,56.63
S3395,53.26,26.96,59.13,55.8,0.16,81.88,40.95
S3396,61.17,85.0,94.12,70.74,2.34,51.6,64.39
S3397,59.94,62.56,59.02,55.41,1.73,74.05,56.43
S3398,78.11,66.86,38.1,49.44,1.37,79.87,53.86
S3399,76.04,84.58,52.98,79.58,4.22,57.01,60.97
S3400,64.17,48.66,75.63,82.57,1.68,59.97,66.95
S3401,77.65,70.33,74.42,66.25,1.16,74.08,65.57
S3402,66.8,58.02,58.4,97.35,0.42,39.32,55.56
S3403,70.93,56.69,74.3,64.79,4.12,46.5,53.87
S3404,100.0,46.1,21.08,63.94,2.06,48.17,42.64
S3405,95.11,89.98,63.87,83.21,0.23,34.46,69.26
S3406,55.51,53.24,77.49,67.35,2.51,83.44,51.46
S3407,87.45,72.59,47.01,71.7,1.33,31.2,64.59
S3408,87.17,26.25,46.95,19.59,4.0,70.83,48.63
S3409,57.78,81.24,28.4,70.33,6.03,78.8,67.17
S3410,87.28,78.94,90.62,33.46,2.2,60.01,69.19
S3411,98.07,61.75,49.04,45.58,3.16,53.64,56.09
S3412,58.16,55.92,66.34,43.29,0.14,68.96,41.17
S3413,61.24,67.2,72.87,49.15,1.97,65.03,63.02
S3414,90.26,100.0,89.22,59.02,3.38,82.06,71.36
S3415,79.07,28.26,59.23,60.27,1.65,20.32,46.71
S3416,83.27,74.08,52.29,83.29,2.16,49.38,74.65
S3417,80.11,43.59,65.12,74.45,5.5,74.55,66.81
S3418,80.86,59.64,85.11,31.98,0.53,65.86,63.15
S3419,55.1,55.54,58.94,71.67,0.25,77.78,60.99
S3420,90.71,52.29,44.81,76.37,2.82,69.45,67.35
S3421,92.54,59.81,34.27,63.43,4.15,62.71,69.3
S3422,71.56,39.58,40.02,68.78,4.56,59.86,48.78
S3423,74.35,78.53,77.56,73.81,2.46,100.0,69.85
S3424,52.03,27.71,56.23,85.29,4.3,91.09,48.31
S3425,82.71,69.72,51.06,38.5,2.89,73.42,59.2
S3426,83.58,54.12,49.11,65.11,0.22,66.33,57.26
S3427,74.07,38.92,63.53,100.0,3.45,74.15,52.62
S3428,91.87,63.64,57.69,98.33,0.47,79.06,66.2
S3429,69.99,31.97,57.08,87.02,0.65,72.12,64.53
S3430,83.47,60.71,86.29,80.74,1.2,52.23,69.67
S3431,59.71,34.39,89.68,100.0,0.91,95.34,69.02
S3432,74.65,68.3,33.02,100.0,0.93,69.19,60.59
S3433,72.38,43.36,67.9,67.42,0.45,99.24,49.28
S3434,78.38,51.88,48.02,50.61,0.84,68.18,53.63
S3435,69.46,65.29,57.53,64.59,0.05,60.82,63.97
S3436,73.03,46.09,67.57,100.0,1.54,88.53,58.5
S3437,87.39,58.96,58.17,38.61,3.51,70.12,64.32
S3438,68.45,32.75,66.15,60.59,4.76,67.27,44.87
S3439,50.9,71.36,74.11,41.75,4.12,44.59,54.72
S3440,100.0,91.77,67.3,72.5,1.29,76.22,79.22
S3441,95.72,100.0,50.36,45.95,3.15,56.61,66.26
S3442,55.62,61.64,50.67,67.82,0.81,57.39,67.52
S3443,85.35,74.19,36.09,31.0,0.14,56.66,50.82
S3444,67.46,27.95,46.63,82.35,2.7,72.46,49.26
S3445,78.95,87.05,97.32,94.45,2.51,38.9,77.15
S3446,79.41,73.97,47.74,62.32,3.88,61.42,57.1
S3447,71.48,51.29,40.52,67.3,2.3,81.66,46.99
S3448,63.24,82.27,67.76,66.73,0.41,43.82,53.83
S3449,64.64,55.42,60.01,73.62,4.6,67.94,63.93
S3450,61.26,51.76,58.48,69.24,2.37,54.27,52.53
S3451,62.52,68.56,87.36,85.36,3.96,58.14,77.62
S3452,73.99,40.86,71.88,94.66,3.57,93.14,63.7
S3453,64.26,78.39,52.46,53.72,0.85,36.94,58.68
S3454,85.23,40.99,54.36,63.81,0.19,78.02,60.91
S3455,97.31,41.1,52.95,88.03,0.47,56.88,59.53
S3456,66.3,43.63,77.75,41.57,0.23,56.03,47.53
S3457,78.59,73.67,56.45,30.59,0.67,46.1,44.81
S3458,82.5,48.9,29.72,74.53,1.48,77.82,59.37
S3459,82.08,35.74,61.13,79.93,5.7,61.75,68.09
S3460,76.14,49.1,34.33,55.55,4.93,59.6,42.94
S3461,86.14,59.42,100.0,58.43,3.04,66.87,68.17
S3462,82.23,38.74,44.62,54.8,0.06,62.11,47.69
S3463,56.44,39.27,59.09,52.66,1.0,30.99,48.59
S3464,88.04,98.0,66.65,83.87,2.75,56.66,72.59
S3465,88.31,44.51,56.8,46.39,0.33,80.22,65.42
S3466,63.55,54.19,56.78,64.69,3.88,39.39,51.35
S3467,75.57,53.39,69.59,51.89,5.9,46.47,51.45
S3468,85.25,52.42,89.47,40.89,1.05,57.74,59.31
S3469,71.86,71.18,75.82,87.4,2.94,52.66,65.06
S3470,91.09,77.07,88.61,59.6,0.38,64.53,74.65
S3471,100.0,54.49,43.16,73.77,2.82,46.42,59.41
S3472,63.21,37.74,67.71,39.84,0.05,58.41,51.38
S3473,54.28,82.94,64.79,55.16,0.39,64.18,53.26
S3474,79.56,58.28,68.32,85.12,2.97,76.03,65.3
S3475,85.82,91.15,86.77,100.0,2.99,86.16,77.44
S3476,71.54,19.58,58.03,30.48,2.46,60.55,40.18
S3477,96.8,63.52,54.7,65.98,1.56,97.1,75.88
S3478,54.92,94.53,71.61,78.25,2.7,61.87,61.94
S3479,85.39,53.64,29.99,57.68,3.57,79.09,54.33
S3480,65.91,55.94,57.74,86.99,8.15,97.84,72.39
S3481,100.0,65.32,59.58,52.67,5.27,67.37,71.75
S3482,100.0,49.94,45.43,73.08,3.8,41.65,70.95
S3483,63.5,54.38,81.03,59.56,2.85,66.55,62.87
S3484,66.76,53.92,42.88,94.39,2.05,54.6,53.09
S3485,87.89,48.71,59.55,56.47,0.31,60.33,70.63
S3486,69.19,82.12,67.28,62.96,0.43,98.74,70.21
S3487,74.32,68.3,86.36,88.91,4.12,44.21,68.4
S3488,75.38,64.51,61.81,49.44,3.9,70.11,60.83
S3489,46.2,74.55,78.85,71.38,2.29,50.08,60.17
S3490,74.79,55.24,74.61,33.55,1.39,59.77,54.95
S3491,64.65,46.06,64.22,48.24,0.06,77.66,45.0
S3492,67.6,49.15,42.39,77.64,0.95,70.41,64.13
S3493,96.65,60.03,36.18,50.19,1.31,61.17,57.57
S3494,56.15,40.93,63.92,59.11,1.6,53.95,51.17
S3495,87.2,51.0,52.23,79.86,6.36,70.37,77.11
S3496,70.82,50.71,78.55,58.42,0.28,94.03,57.76
S3497,70.8,98.24,75.43,86.46,1.76,49.68,75.18
S3498,86.86,10.07,58.68,74.31,1.1,97.5,52.16
S3499,80.1,56.77,41.16,78.71,11.08,85.39,67.42
S3500,83.56,91.06,71.19,94.82,4.75,88.28,79.98
S3501,89.52,62.19,43.68,76.4,1.39,70.24,67.48
S3502,70.03,73.56,48.35,100.0,12.0,84.91,78.63
S3503,65.82,61.8,44.37,88.23,1.73,47.85,53.1
S3504,58.72,47.99,59.51,59.53,0.44,53.64,59.19
S3505,62.62,19.65,83.06,95.86,1.95,78.02,68.28
S3506,100.0,63.7,61.91,75.28,0.62,70.03,67.22
S3507,93.67,46.04,54.02,62.11,2.43,62.48,60.17
S3508,54.73,45.59,34.54,75.57,6.65,22.46,43.65
S3509,55.16,51.02,71.94,92.25,3.7,57.6,58.0
S3510,82.23,91.41,47.95,79.1,0.77,45.04,57.96
S3511,83.21,100.0,64.12,100.0,0.85,73.39,81.05
S3512,83.23,63.91,55.62,91.73,0.17,61.75,52.43
S3513,71.18,51.63,77.09,80.46,0.81,54.32,57.26
S3514,73.12,38.81,59.17,49.48,0.23,100.0,55.14
S3515,79.92,68.43,60.94,66.41,1.66,82.65,72.71
S3516,76.29,92.09,70.74,71.43,2.96,82.95,68.86
S3517,41.71,55.55,99.92,83.93,3.34,100.0,68.35
S3518,71.55,17.18,77.99,82.75,0.15,78.64,56.79
S3519,62.23,72.06,60.41,73.39,1.0,51.89,64.42
S3520,77.63,77.74,62.06,72.41,0.82,49.91,65.88
S3521,100.0,31.45,52.55,84.41,0.26,81.4,67.72
S3522,80.51,63.18,44.9,52.83,1.08,29.99,49.9
S3523,70.3,68.12,52.05,100.0,0.85,63.68,57.32
S3524,88.83,58.68,48.1,29.06,2.42,28.09,54.14
S3525,82.24,45.77,73.76,99.11,5.16,66.68,65.65
S3526,81.3,78.29,42.72,69.1,1.46,79.52,63.75
S3527,84.1,52.74,86.0,90.05,3.3,69.75,72.81
S3528,100.0,33.27,75.54,77.28,0.38,80.95,74.09
S3529,58.04,23.11,62.37,76.92,5.41,98.4,60.41
S3530,82.1,82.7,62.01,81.09,0.4,62.56,64.0
S3531,61.1,71.1,51.97,86.18,0.51,100.0,56.2
S3532,83.33,61.58,66.86,63.42,0.27,68.62,73.28
S3533,61.22,52.08,81.59,90.7,0.89,81.14,54.7
S3534,68.74,50.48,49.34,48.31,1.93,54.61,48.11
S3535,70.57,40.64,34.4,69.89,10.61,92.53,61.57
S3536,89.64,52.23,74.66,86.72,3.78,82.71,80.79
S3537,88.78,21.84,67.84,89.9,1.15,90.01,62.05
S3538,56.31,46.75,41.84,79.22,2.06,65.93,51.46
S3539,75.82,54.4,48.8,62.13,2.34,43.66,49.2
S3540,64.36,70.98,46.54,87.93,4.15,72.83,62.9
S3541,56.12,59.28,48.96,56.61,3.2,36.15,42.48
S3542,71.74,74.31,56.17,100.0,2.02,59.28,61.47
S3543,70.37,84.28,57.2,68.31,2.65,68.25,68.87
S3544,100.0,79.05,50.29,39.21,3.29,100.0,65.79
S3545,81.49,68.47,48.35,46.11,0.34,70.42,63.37
S3546,54.34,60.21,57.88,70.87,0.54,67.37,53.92
S3547,66.53,42.35,65.02,72.8,2.8,63.93,48.6
S3548,90.32,73.32,56.31,100.0,4.56,42.18,77.01
S3549,100.0,90.24,82.86,49.23,1.26,66.46,66.39
S3550,51.21,66.16,71.15,70.79,9.38,66.75,58.63
S3551,46.8,94.51,33.36,48.81,0.58,48.53,48.54
S3552,100.0,32.54,71.43,60.15,1.29,44.83,65.98
S3553,80.84,39.23,72.9,100.0,1.14,56.81,60.73
S3554,61.98,75.39,54.17,47.27,6.39,66.1,52.74
S3555,83.02,64.76,35.09,81.74,0.81,57.22,60.09
S3556,35.46,83.65,62.15,77.86,1.53,47.14,53.9
S3557,75.05,59.72,61.86,69.52,0.5,69.92,57.94
S3558,79.92,44.38,41.81,80.39,1.77,74.16,58.87
S3559,88.86,56.16,35.88,46.8,4.67,67.06,49.46
S3560,59.79,32.41,60.42,100.0,0.87,55.43,44.16
S3561,76.29,39.69,57.8,100.0,4.0,75.11,75.91
S3562,61.12,77.5,54.49,70.94,5.81,61.76,62.03
S3563,78.83,75.71,60.5,100.0,0.18,44.79,67.56
S3564,61.57,66.53,42.15,62.02,3.39,82.62,51.7
S3565,68.88,29.02,54.17,78.01,0.71,71.01,58.4
S3566,60.06,53.55,71.6,98.64,0.46,62.97,58.17
S3567,84.77,37.95,55.7,60.82,2.21,38.29,37.26
S3568,87.88,81.18,31.9,42.37,2.93,52.34,54.24
S3569,71.48,49.49,53.49,37.77,1.21,99.32,52.98
S3570,75.57,40.46,42.74,100.0,0.1,39.36,53.5
S3571,53.27,60.54,66.81,59.42,5.74,60.73,55.45
S3572,70.5,48.48,67.74,66.29,3.15,64.72,54.99
S3573,74.25,86.71,32.14,47.74,0.76,70.45,52.47
S3574,100.0,46.77,75.66,88.97,1.65,39.55,65.82
S3575,58.32,34.81,41.98,54.37,0.07,67.96,35.05
S3576,96.96,21.25,90.07,60.17,0.99,36.34,47.91
S3577,89.95,59.45,61.12,75.99,1.77,66.66,66.14
S3578,79.21,49.89,39.56,48.72,1.75,53.91,51.95
S3579,100.0,34.28,41.44,66.43,0.56,50.28,60.69
S3580,80.58,81.41,68.27,98.04,3.6,79.19,72.97
S3581,80.84,72.01,54.96,78.57,0.85,60.99,56.75
S3582,74.2,59.49,60.26,72.61,2.08,73.05,50.1
S3583,93.35,84.56,91.03,74.3,0.76,73.62,72.0
S3584,91.45,71.93,49.41,62.22,1.33,86.59,68.32
S3585,65.61,45.19,63.08,100.0,0.56,44.46,66.43
S3586,55.21,41.29,87.56,53.76,2.41,80.62,57.23
S3587,71.96,74.72,66.87,74.22,1.33,65.28,57.35
S3588,63.0,67.13,33.08,72.3,0.04,58.57,47.24
S3589,74.05,63.06,71.1,90.18,0.07,45.46,58.36
S3590,93.56,44.76,41.07,92.06,1.53,75.31,60.23
S3591,68.14,70.94,87.32,69.36,0.49,49.32,70.99
S3592,74.36,46.4,47.19,75.81,2.11,73.8,64.31
S3593,75.87,58.16,100.0,76.57,1.26,97.77,71.46
S3594,87.73,86.04,88.41,24.56,2.55,81.66,71.05
S3595,41.3,48.1,47.66,38.22,7.31,88.65,42.94
S3596,65.9,31.69,62.36,57.9,1.81,52.78,39.89
S3597,78.17,41.05,75.57,58.77,3.72,77.97,72.07
S3598,93.0,77.9,76.11,46.01,3.36,45.55,53.25
S3599,67.62,64.59,69.96,84.99,6.12,61.03,54.71
S3600,46.85,57.68,84.54,70.04,0.58,94.6,71.19
S3601,84.3,50.84,59.79,65.71,4.22,54.67,60.73
S3602,65.47,68.74,55.4,44.88,5.66,83.89,52.39
S3603,57.16,44.72,55.76,69.11,1.2,82.27,57.67
S3604,65.63,65.5,77.45,17.47,0.9,83.27,61.04
S3605,72.23,46.84,68.57,66.74,7.29,43.46,51.15
S3606,65.93,43.84,67.24,71.26,2.37,73.93,54.77
S3607,41.92,48.53,76.31,74.84,1.15,62.34,58.74
S3608,88.46,53.24,25.08,38.72,3.77,83.5,48.92
S3609,94.12,59.12,67.58,74.5,0.87,36.86,65.86
S3610,84.77,64.24,65.93,49.17,0.47,71.25,70.51
S3611,57.93,0.0,92.04,53.75,1.88,68.85,34.43
S3612,71.98,45.46,34.49,84.36,2.0,31.17,48.71
S3613,74.9,52.95,90.03,100.0,4.19,49.95,70.98
S3614,83.98,87.09,63.36,71.03,1.47,33.89,55.11
S3615,85.03,40.56,70.8,53.66,4.04,52.65,55.69
S3616,63.99,62.93,92.17,73.77,0.9,74.34,72.23
S3617,76.23,86.91,72.09,88.78,2.06,68.32,67.81
S3618,81.86,36.37,69.21,82.42,0.56,67.88,52.11
S3619,96.84,67.09,66.36,100.0,1.17,47.32,78.0
S3620,85.57,45.56,53.3,55.69,4.68,84.05,62.93
S3621,86.84,50.92,61.49,75.04,0.58,64.68,61.79
S3622,76.26,45.54,49.12,100.0,3.99,65.57,60.96
S3623,96.16,46.83,61.2,99.72,0.8,80.99,75.27
S3624,81.15,100.0,19.95,31.0,0.08,48.15,55.55
S3625,62.08,75.2,69.72,69.93,0.28,68.89,65.9
S3626,96.05,79.83,59.81,99.69,3.29,72.2,71.6
S3627,85.47,68.86,55.95,100.0,0.73,55.73,55.76
S3628,68.35,31.09,65.96,84.08,2.55,76.09,61.72
S3629,67.81,67.11,36.2,62.64,2.88,73.11,62.37
S3630,79.45,79.31,96.73,49.82,1.02,63.28,68.03
S3631,81.95,44.64,60.15,100.0,1.55,62.75,68.82
S3632,77.96,77.38,59.37,84.57,1.24,73.9,65.53
S3633,79.67,72.68,44.62,53.04,7.07,78.4,62.16
S3634,100.0,93.34,62.43,65.94,0.93,66.07,83.63
S3635,91.07,52.48,86.97,76.2,0.49,84.04,68.99
S3636,77.86,40.24,80.65,80.88,1.09,76.19,61.84
S3637,89.12,53.49,77.38,52.01,2.66,34.6,49.82
S3638,59.51,85.84,71.84,57.72,2.87,41.12,64.76
S3639,80.97,27.09,55.55,36.94,6.19,85.1,49.65
S3640,100.0,22.77,35.9,90.8,5.12,60.8,59.88
S3641,71.73,61.61,58.38,63.17,0.82,67.79,56.7
S3642,62.29,52.03,57.75,79.33,1.46,84.37,55.92
S3643,65.22,60.14,80.88,98.45,3.3,64.89,66.71
S3644,58.66,77.02,67.57,74.4,5.96,65.63,64.04
S3645,63.23,50.05,91.02,67.74,0.99,50.23,66.76
S3646,69.44,26.29,83.55,73.88,1.41,71.29,67.37
S3647,53.92,96.8,53.78,71.26,5.51,74.97,68.44
S3648,75.23,42.05,29.69,94.92,1.07,55.18,61.07
S3649,88.53,40.94,86.94,76.22,1.57,49.33,69.98
S3650,61.38,79.87,86.47,59.11,5.64,100.0,73.27
S3651,97.79,53.08,37.41,90.96,3.89,63.42,73.21
S3652,82.66,58.86,89.17,94.61,0.67,53.38,62.28
S3653,90.46,68.69,68.88,43.23,0.94,77.01,60.68
S3654,65.13,79.5,64.89,100.0,1.04,64.14,62.17
S3655,87.82,54.0,91.07,77.29,5.85,46.54,68.33
S3656,58.62,87.36,86.2,75.67,12.0,73.21,78.15
S3657,88.35,21.56,73.72,90.13,3.57,50.5,54.81
S3658,77.58,73.68,70.52,58.66,1.59,91.8,70.02
S3659,83.3,44.89,73.1,89.08,0.02,73.41,61.61
S3660,57.37,84.7,54.8,62.46,2.87,60.29,56.99
S3661,61.57,62.56,61.01,40.5,1.18,66.86,54.66
S3662,83.96,47.89,45.76,50.04,2.41,80.36,66.55
S3663,60.77,71.93,56.01,81.34,2.24,68.16,56.64
S3664,81.95,76.08,55.4,51.09,1.57,100.0,64.75
S3665,54.49,71.55,50.56,100.0,6.93,84.31,58.48
S3666,87.72,41.47,64.46,93.79,0.06,73.29,60.21
S3667,56.51,51.29,56.17,96.67,2.99,49.07,50.0
S3668,83.28,59.93,71.04,72.5,1.27,62.5,66.24
S3669,84.38,59.26,32.8,75.16,3.0,73.14,62.15
S3670,64.55,73.5,59.96,46.13,2.7,51.01,60.32
S3671,83.73,23.73,64.37,89.92,0.02,86.99,56.23
S3672,78.91,66.02,56.41,77.6,0.81,48.44,64.15
S3673,66.92,54.78,58.9,81.35,0.5,54.17,58.01
S3674,59.87,44.91,33.47,100.0,0.44,55.44,51.06
S3675,45.56,46.64,68.42,57.88,3.13,77.65,44.96
S3676,80.24,56.14,73.66,67.48,0.66,51.32,62.52
S3677,51.53,0.0,70.88,76.53,1.55,34.4,43.86
S3678,76.43,47.38,80.7,51.29,0.68,83.5,61.72
S3679,71.05,44.24,65.63,66.25,2.08,57.45,58.86
S3680,85.19,69.59,70.62,79.86,3.06,46.84,71.7
S3681,70.47,45.5,64.81,63.49,0.96,52.17,48.31
S3682,70.06,56.13,74.38,96.18,2.22,94.18,67.27
S3683,85.98,87.76,33.61,39.78,4.18,53.83,62.3
S3684,80.03,77.9,45.92,92.46,0.24,62.9,63.44
S3685,79.74,76.24,90.56,83.22,2.98,57.4,78.77
S3686,82.04,51.0,17.71,58.62,0.94,44.04,48.46
S3687,51.97,69.77,59.48,51.51,0.31,52.37,40.23
S3688,86.35,55.79,83.1,28.39,1.89,42.88,63.9
S3689,84.19,56.47,60.32,54.1,0.62,81.25,60.25
S3690,59.75,67.37,54.71,90.94,4.13,66.71,51.12
S3691,71.34,49.25,64.33,68.88,0.11,100.0,59.42
S3692,74.41,86.87,55.64,93.26,0.25,52.95,58.9
S3693,72.98,57.12,62.56,57.6,1.77,50.4,61.26
S3694,80.01,71.13,49.7,84.14,2.13,91.07,66.75
S3695,96.47,86.2,81.96,55.65,3.14,82.99,70.42
S3696,91.23,78.57,87.62,50.69,0.72,71.54,76.03
S3697,55.32,34.64,59.6,67.86,4.42,46.07,52.43
S3698,84.33,68.01,37.04,56.7,7.35,94.66,62.32
S3699,94.93,75.31,52.57,39.14,1.66,63.77,54.92
S3700,80.8,76.05,58.69,66.35,3.43,57.68,59.53
S3701,91.36,39.96,71.1,72.13,1.79,84.43,60.06
S3702,100.0,48.17,43.86,95.37,0.17,64.62,68.74
S3703,90.36,77.9,48.16,88.74,0.95,45.18,56.02
S3704,78.74,46.29,71.19,94.4,0.22,65.69,63.74
S3705,90.68,54.61,78.9,84.41,10.8,51.72,71.1
S3706,77.17,88.37,50.81,76.65,0.62,13.84,66.54
S3707,75.36,59.14,38.0,45.42,2.42,50.01,52.69
S3708,69.73,46.92,100.0,73.0,0.8,56.03,66.98
S3709,98.45,44.2,76.1,81.94,2.54,45.35,63.62
S3710,62.72,65.99,57.19,99.15,0.57,74.78,55.57
S3711,97.99,36.0,77.64,83.73,3.69,51.78,64.86
S3712,82.5,55.55,59.76,94.81,0.28,73.13,70.02
S3713,54.01,66.0,77.61,49.36,5.41,44.03,61.39
S3714,80.51,83.38,64.87,63.47,4.4,80.46,66.96
S3715,43.5,72.02,63.64,78.59,2.73,43.3,50.32
S3716,84.38,47.15,59.96,93.22,0.17,25.19,52.76
S3717,88.28,81.21,35.95,67.1,0.56,86.03,63.63
S3718,66.11,54.61,96.89,68.35,4.71,50.45,65.3
S3719,76.85,37.76,45.05,83.74,0.31,94.87,66.82
S3720,100.0,56.9,37.52,47.48,0.41,74.6,59.41
S3721,67.41,85.89,58.17,100.0,1.88,78.43,73.13
S3722,59.12,62.97,44.69,52.42,0.77,82.77,48.15
S3723,97.22,60.23,61.07,31.63,0.6,66.92,60.55
S3724,100.0,89.47,74.38,70.2,2.06,67.11,76.88
S3725,75.06,34.24,79.92,100.0,1.12,86.78,64.99
S3726,90.17,36.86,76.67,81.73,0.36,66.89,64.25
S3727,95.12,30.91,56.5,85.02,1.84,52.62,60.95
S3728,63.86,66.71,62.89,70.83,1.17,74.96,63.48
S3729,67.72,63.0,69.34,66.95,3.18,29.07,64.95
S3730,93.46,87.77,30.36,39.1,0.26,87.43,48.14
S3731,100.0,64.38,72.27,24.81,2.33,87.79,72.68
S3732,83.44,52.73,35.77,73.93,1.38,85.37,48.61
S3733,61.8,60.03,98.73,96.25,1.25,84.72,72.59
S3734,100.0,62.12,54.72,76.88,0.63,63.57,80.71
S3735,67.04,29.91,58.67,82.47,0.07,63.19,52.95
S3736,69.97,100.0,48.15,100.0,4.52,44.1,69.87
S3737,80.14,69.36,50.66,76.58,0.95,94.72,63.61
S3738,98.31,63.78,100.0,67.55,2.74,56.75,78.52
S3739,87.81,71.07,78.93,53.63,7.08,70.78,72.79
S3740,81.22,72.77,34.11,100.0,2.0,69.32,60.56
S3741,81.95,57.47,89.08,80.53,1.21,42.21,66.02
S3742,75.65,48.64,83.48,51.13,0.75,35.34,50.2
S3743,83.37,70.79,56.94,46.58,6.53,65.09,62.43
S3744,37.06,66.94,67.52,95.06,2.75,57.29,55.0
S3745,70.55,45.42,61.73,49.25,2.63,63.48,54.94
S3746,78.62,85.54,97.51,100.0,1.33,83.11,75.98
S3747,57.73,65.28,47.67,14.87,4.48,68.82,47.09
S3748,80.79,73.14,64.63,98.45,3.0,77.89,71.86
S3749,71.93,85.05,54.29,79.74,0.8,72.57,65.94
S3750,100.0,60.39,36.21,72.37,2.2,59.62,63.88
S3751,98.6,65.71,100.0,66.49,1.35,47.97,72.19
S3752,68.01,74.58,40.73,100.0,0.02,69.5,57.3
S3753,72.74,46.95,65.96,84.14,3.96,66.43,62.5
S3754,73.89,60.97,30.67,51.94,0.31,80.56,51.73
S3755,68.23,62.26,54.82,35.62,1.71,62.43,59.06
S3756,77.93,42.79,69.6,73.55,0.98,59.95,66.38
S3757,63.63,100.0,47.15,69.98,1.0,61.1,54.21
S3758,58.04,34.67,72.56,39.6,1.56,49.38,51.32
S3759,84.34,36.63,57.16,68.89,12.0,89.6,70.04
S3760,84.44,83.66,82.88,58.52,1.26,84.37,64.19
S3761,62.94,72.84,86.51,70.19,0.48,44.38,66.29
S3762,88.43,41.53,51.44,84.52,2.28,78.67,67.76
S3763,65.53,70.93,63.38,99.85,0.65,33.63,56.21
S3764,78.8,86.42,65.3,88.18,0.27,81.75,70.16
S3765,87.31,59.46,73.15,55.57,0.12,53.16,63.18
S3766,74.5,100.0,62.26,77.38,0.06,71.12,73.24
S3767,81.82,28.97,65.42,71.26,1.35,32.2,47.99
S3768,67.25,72.49,57.62,43.36,1.34,44.62,61.41
S3769,72.05,81.0,64.07,77.96,0.49,72.97,54.09
S3770,71.91,76.04,85.36,100.0,3.68,53.08,80.35
S3771,63.8,56.32,73.63,70.65,0.33,50.72,61.08
S3772,72.35,54.77,74.62,38.12,5.93,88.73,57.79
S3773,51.77,67.99,75.02,70.61,2.13,100.0,68.38
S3774,67.63,74.68,59.23,45.73,0.07,80.93,52.39
S3775,70.73,70.84,67.74,87.27,7.91,46.44,67.78
S3776,71.16,78.72,42.47,80.5,0.88,94.98,65.47
S3777,71.38,41.66,84.84,66.58,1.43,38.46,59.11
S3778,74.07,55.9,11.91,63.38,0.8,59.82,42.93
S3779,82.19,43.08,60.43,65.76,3.13,65.93,56.29
S3780,88.12,53.05,82.54,70.17,1.6,97.71,71.0
S3781,65.25,78.27,37.45,54.56,0.34,80.52,51.5
S3782,56.95,61.94,69.2,42.24,0.26,57.12,54.28
S3783,59.37,100.0,49.75,92.77,3.1,48.94,61.47
S3784,67.69,63.48,55.36,62.29,0.65,82.04,64.56
S3785,69.72,61.07,79.03,73.34,0.36,55.93,71.6
S3786,63.45,61.91,65.57,75.71,1.66,68.68,58.63
S3787,55.56,48.52,25.38,76.44,3.9,41.71,51.78
S3788,68.16,58.96,44.42,46.52,0.78,74.68,51.28
S3789,77.72,80.3,79.56,36.48,0.78,73.31,58.97
S3790,83.93,62.05,70.08,58.23,4.31,43.89,60.13
S3791,66.64,45.72,93.47,77.91,0.38,82.54,65.14
S3792,68.81,43.35,92.29,55.44,2.3,74.43,50.52
S3793,61.1,51.9,55.84,62.9,7.44,77.58,61.49
S3794,74.53,61.33,100.0,100.0,4.42,58.56,74.48
S3795,62.27,81.48,62.44,33.09,0.15,68.04,62.2
S3796,83.6,35.87,44.67,54.9,0.93,66.08,55.96
S3797,48.21,54.24,50.59,100.0,0.37,62.48,55.17
S3798,69.61,62.6,21.38,69.11,7.15,67.9,52.79
S3799,79.52,26.99,90.93,55.88,10.23,86.36,74.74
S3800,77.76,45.0,90.71,93.38,0.64,83.27,82.25
S3801,100.0,47.76,43.72,71.1,2.66,44.91,57.75
S3802,80.25,45.67,57.9,63.03,4.42,81.75,66.87
S3803,59.94,63.45,63.72,73.85,0.64,85.25,56.1
S3804,73.57,57.11,44.71,56.84,0.5,62.43,50.25
S3805,48.36,50.0,30.41,49.65,0.03,73.64,40.68
S3806,73.79,67.7,58.21,67.73,1.27,73.4,65.88
S3807,62.5,91.02,56.22,49.78,5.51,50.55,53.9
S3808,88.73,89.51,55.01,70.21,5.6,58.51,79.57
S3809,66.76,25.39,66.01,77.09,0.33,77.76,60.1
S3810,73.25,70.39,87.73,87.06,0.55,56.57,72.9
S3811,65.47,56.8,56.54,92.56,1.26,81.58,59.94
S3812,100.0,62.79,65.07,61.89,3.64,87.18,75.37
S3813,70.18,52.83,75.08,79.99,2.27,84.44,47.2
S3814,100.0,62.12,71.97,79.85,1.73,98.66,77.17
S3815,87.21,62.73,50.94,76.56,2.15,63.46,64.4
S3816,82.23,49.58,63.73,60.41,0.24,68.01,47.89
S3817,80.53,43.87,71.86,49.44,1.56,70.45,60.95
S3818,80.91,51.92,41.69,80.04,11.61,63.97,66.7
S3819,46.08,64.22,84.74,35.86,0.22,74.22,43.1
S3820,70.82,70.78,87.77,64.64,1.76,35.91,56.46
S3821,87.68,75.36,48.99,18.93,0.84,68.48,69.28
S3822,74.27,51.1,65.49,43.27,1.86,41.58,52.35
S3823,53.92,65.11,73.56,52.46,2.05,48.64,60.82
S3824,74.21,77.33,52.18,91.93,2.07,77.46,73.78
S3825,100.0,80.98,70.67,83.76,4.59,61.62,78.71
S3826,93.7,58.94,64.94,58.92,1.19,76.86,71.42
S3827,74.07,56.02,35.58,84.59,1.74,61.25,43.84
S3828,89.27,63.44,70.26,87.75,0.03,83.81,69.23
S3829,69.5,39.31,42.2,66.79,3.74,60.94,33.17
S3830,49.44,56.52,78.91,42.31,0.72,31.77,38.85
S3831,61.13,73.4,49.92,65.84,4.07,68.83,55.47
S3832,98.44,71.56,59.1,68.04,0.74,28.13,60.14
S3833,70.89,55.14,86.7,45.35,0.03,40.3,57.18
S3834,71.35,63.92,70.93,77.34,0.4,49.99,61.49
S3835,70.5,45.16,42.57,75.6,10.19,47.87,57.2
S3836,100.0,72.66,43.73,78.9,0.92,55.73,67.2
S3837,99.39,58.6,51.21,75.58,0.28,47.28,65.01
S3838,100.0,55.03,69.1,84.6,0.3,41.1,61.02
S3839,72.61,53.49,68.45,66.41,0.89,91.21,57.72
S3840,79.43,58.87,46.82,74.04,0.09,53.47,57.27
S3841,52.25,51.94,40.99,62.05,1.72,27.08,44.39
S3842,97.15,71.85,67.07,58.31,0.58,58.86,60.5
S3843,57.48,52.88,58.73,96.76,1.76,45.88,63.16
S3844,78.25,88.67,100.0,29.12,0.36,49.96,71.19
S3845,58.54,86.37,62.66,87.54,1.35,77.08,60.8
S3846,66.17,43.95,94.66,57.59,2.19,57.38,58.48
S3847,62.44,61.25,40.93,55.0,0.15,45.41,60.97
S3848,65.88,48.29,33.68,75.23,1.22,72.59,52.98
S3849,66.91,54.12,41.84,40.21,0.86,84.55,53.21
S3850,66.78,96.04,83.4,53.68,0.66,74.13,64.72
S3851,87.5,54.46,93.61,53.02,2.23,23.29,61.01
S3852,58.43,66.48,47.92,65.57,2.13,46.05,62.06
S3853,78.31,69.74,53.71,53.92,2.39,65.81,60.81
S3854,93.27,41.99,40.96,100.0,0.42,60.85,60.77
S3855,67.3,44.61,29.39,100.0,0.81,59.44,53.02
S3856,64.23,38.29,74.93,29.56,0.56,48.29,63.52
S3857,71.54,44.05,66.01,80.89,1.87,41.11,57.31
S3858,92.7,8.7,62.19,87.17,1.48,99.13,56.1
S3859,77.91,69.8,36.8,80.86,0.96,65.46,56.02
S3860,67.03,96.98,91.52,56.84,3.7,75.92,77.11
S3861,82.26,62.66,52.94,65.12,0.24,65.11,51.51
S3862,58.47,34.51,71.61,55.03,8.84,65.79,57.8
S3863,85.22,48.43,35.82,61.59,0.3,63.94,49.59
S3864,81.13,51.74,58.57,45.8,3.56,45.95,44.44
S3865,70.38,41.68,67.24,67.7,1.1,39.25,48.13
S3866,62.42,75.48,67.89,39.94,4.81,71.57,60.0
S3867,61.7,74.58,64.78,66.0,0.18,68.19,68.48
S3868,83.02,39.2,70.9,45.03,1.13,80.95,63.67
S3869,93.43,73.05,41.65,74.14,0.98,77.5,63.9
S3870,65.44,87.48,65.55,56.41,11.96,51.26,72.37
S3871,81.88,94.25,64.05,75.81,10.17,84.25,74.87
S3872,43.69,100.0,66.17,91.63,0.51,78.01,57.16
S3873,66.23,43.76,63.3,100.0,2.39,76.74,61.96
S3874,74.53,100.0,39.08,19.44,1.84,100.0,51.25
S3875,61.35,53.62,38.28,53.32,0.4,99.75,56.64
S3876,60.95,49.34,22.14,63.94,0.44,76.73,51.85
S3877,64.98,65.89,76.72,79.21,10.88,74.61,64.27
S3878,79.38,49.52,76.9,36.99,1.45,83.39,60.61
S3879,72.19,67.18,77.18,50.36,0.32,55.07,60.96
S3880,41.43,36.24,67.52,72.61,0.58,55.31,53.05
S3881,43.19,55.7,23.6,71.7,0.75,76.45,37.96
S3882,65.9,83.14,43.52,77.55,1.72,50.44,62.94
S3883,81.87,58.97,65.07,78.87,0.98,75.08,57.2
S3884,33.79,62.55,64.44,76.77,1.46,67.67,57.52
S3885,67.5,68.55,57.99,73.87,0.44,50.44,64.91
S3886,67.11,81.07,68.64,71.11,0.95,65.44,60.39
S3887,95.83,30.21,62.21,83.3,0.17,87.19,71.05
S3888,69.22,70.52,64.17,25.21,5.29,66.4,47.87
S3889,80.74,55.17,50.5,100.0,0.53,66.47,69.83
S3890,77.12,63.0,79.68,25.91,3.39,70.59,69.09
S3891,43.04,79.08,54.25,48.42,1.03,72.81,54.56
S3892,86.52,38.5,38.05,65.46,1.54,59.38,52.3
S3893,78.23,41.77,48.12,83.45,0.83,70.95,59.44
S3894,82.62,25.16,55.73,10.09,2.86,47.17,40.87
S3895,100.0,50.12,79.89,69.44,4.47,51.42,84.54
S3896,43.74,83.95,61.24,85.85,0.81,53.59,55.09
S3897,100.0,57.83,58.65,89.89,0.67,72.99,77.32
S3898,70.69,35.88,39.52,56.05,2.75,67.72,44.86
S3899,79.31,51.26,76.14,63.98,0.52,62.72,71.02
S3900,74.32,33.22,50.26,57.68,2.45,76.74,64.9
S3901,68.64,39.75,60.2,62.15,0.24,71.44,56.05
S3902,66.45,67.0,88.64,49.36,2.32,60.07,64.03
S3903,79.94,38.87,71.16,52.21,1.73,47.4,49.69
S3904,52.24,80.03,32.69,78.69,0.29,51.06,46.21
S3905,86.26,58.72,30.15,72.63,2.51,40.06,57.28
S3906,68.76,61.54,60.84,79.83,1.42,67.39,69.84
S3907,58.05,54.99,40.17,74.28,0.59,50.34,46.73
S3908,68.25,73.91,73.67,84.09,1.05,56.58,78.62
S3909,93.86,74.1,62.76,87.56,1.63,62.83,67.41
S3910,66.97,66.03,64.98,35.17,0.23,82.75,57.99
S3911,80.38,70.17,49.28,52.91,7.59,80.79,65.18
S3912,64.04,56.18,93.34,65.37,2.63,64.07,62.83
S3913,86.37,69.76,100.0,69.55,0.26,86.51,62.49
S3914,85.28,53.92,56.99,56.6,4.15,30.79,53.43
S3915,100.0,60.04,68.35,88.24,0.93,96.91,75.27
S3916,72.37,55.06,63.75,100.0,2.18,76.77,65.04
S3917,85.03,51.77,57.33,73.72,0.78,66.75,65.02
S3918,76.47,47.6,47.02,71.69,3.17,49.85,59.91
S3919,94.44,68.42,42.47,86.99,3.08,57.55,64.69
S3920,64.22,83.59,41.56,32.68,1.93,75.36,48.71
S3921,86.18,81.08,69.29,70.57,0.66,75.75,79.4
S3922,72.08,37.38,52.65,89.58,0.7,76.36,49.32
S3923,74.04,83.21,15.59,57.14,1.16,52.62,49.11
S3924,76.38,54.27,70.01,45.47,0.38,49.19,50.78
S3925,78.78,70.81,61.31,66.28,0.99,68.32,67.87
S3926,73.26,43.69,86.24,68.79,2.77,78.09,71.71
S3927,78.22,62.56,68.72,51.83,4.26,65.05,61.18
S3928,98.67,65.65,35.38,100.0,0.97,90.19,70.76
S3929,89.78,33.28,21.87,60.43,0.64,65.56,51.99
S3930,88.04,70.95,49.05,46.93,4.29,64.99,72.52
S3931,68.17,84.23,50.75,68.13,5.31,76.4,53.91
S3932,61.66,56.86,78.98,88.16,1.27,85.73,69.48
S3933,89.33,84.48,61.84,70.35,0.07,42.06,68.65
S3934,88.14,56.59,82.41,79.71,2.85,45.99,65.59
S3935,97.09,75.29,38.15,52.57,3.68,59.67,64.61
S3936,65.94,20.07,79.37,99.75,0.04,100.0,65.8
S3937,71.56,100.0,74.98,81.23,2.17,60.56,75.71
S3938,50.41,86.92,25.67,90.95,2.13,62.93,69.07
S3939,69.11,54.88,85.81,77.3,1.14,75.51,65.9
S3940,89.95,24.5,63.68,86.5,3.32,81.61,63.08
S3941,68.0,65.18,69.06,52.54,1.34,67.89,58.1
S3942,84.61,34.01,46.43,60.17,2.71,84.79,59.42
S3943,72.14,68.01,84.95,96.93,1.75,44.7,68.32
S3944,79.86,67.41,40.65,100.0,0.69,51.98,62.2
S3945,57.78,43.05,76.98,47.06,2.24,84.76,55.21
S3946,76.28,80.18,76.77,74.99,3.2,65.19,69.02
S3947,30.13,74.5,44.46,61.38,8.75,43.54,45.61
S3948,72.2,77.56,97.7,56.06,1.15,42.52,68.85
S3949,50.54,60.16,66.17,75.7,0.16,51.21,52.75
S3950,93.09,34.52,73.77,92.82,10.61,65.04,74.34
S3951,86.66,77.6,34.51,79.03,2.35,72.95,65.08
S3952,82.0,55.13,100.0,63.61,7.03,59.41,68.2
S3953,97.82,34.98,39.96,80.3,0.26,71.54,68.16
S3954,60.77,84.34,80.45,62.8,1.0,57.57,63.21
S3955,100.0,97.79,44.09,78.24,0.35,85.81,77.6
S3956,88.98,59.26,50.86,97.93,4.33,100.0,66.92
S3957,71.45,98.86,76.2,28.46,5.1,58.33,53.37
S3958,92.03,61.64,80.5,85.95,1.67,73.16,69.08
S3959,58.41,53.15,39.12,39.22,0.5,71.77,33.54
S3960,62.63,48.65,81.63,94.57,0.33,67.36,61.38
S3961,65.87,89.47,80.81,57.26,2.13,76.11,76.6
S3962,67.07,45.96,45.12,45.65,1.69,73.14,44.56
S3963,59.15,73.23,90.78,83.91,2.85,56.99,54.66
S3964,93.35,49.94,35.78,77.28,0.87,87.38,70.25
S3965,71.12,51.71,50.75,50.02,1.24,68.43,50.38
S3966,80.29,78.54,70.62,44.94,0.05,58.46,62.42
S3967,66.44,53.16,46.64,66.25,2.26,100.0,62.37
S3968,47.69,52.71,66.75,45.92,1.32,63.02,52.8
S3969,79.05,80.39,66.34,48.77,6.05,69.33,70.89
S3970,46.32,88.75,58.63,72.31,2.46,67.98,65.34
S3971,73.97,71.6,76.98,50.68,1.22,62.79,52.23
S3972,54.48,48.21,57.89,78.53,0.73,72.63,45.76
S3973,100.0,50.81,66.17,99.8,5.66,50.64,78.28
S3974,88.67,61.44,82.64,67.03,0.04,75.14,63.88
S3975,76.59,65.78,76.23,72.6,0.95,35.11,58.39
S3976,93.96,42.22,76.15,100.0,6.9,42.93,62.33
S3977,62.31,73.01,41.31,46.25,2.55,96.04,53.83
S3978,83.15,61.54,71.45,93.82,1.83,43.64,64.64
S3979,78.0,29.12,46.19,91.42,0.55,31.68,46.09
S3980,78.96,43.28,38.93,87.09,4.3,44.07,49.48
S3981,94.09,50.93,60.71,95.83,0.55,94.58,71.87
S3982,85.99,58.69,45.72,75.61,0.68,34.54,52.67
S3983,79.33,94.01,76.23,58.34,0.51,48.75,64.12
S3984,50.18,64.29,76.66,91.89,0.41,40.21,45.63
S3985,60.6,44.87,27.75,92.66,7.35,60.34,64.91
S3986,73.16,63.97,47.09,92.11,2.21,57.59,66.83
S3987,76.4,53.66,35.72,70.89,2.44,56.83,51.54
S3988,58.05,65.85,53.67,55.68,7.41,96.55,54.73
S3989,100.0,70.45,70.19,73.83,0.63,44.62,69.04
S3990,97.75,81.77,57.64,88.84,0.01,63.26,71.88
S3991,84.03,59.56,51.38,90.49,2.19,70.76,57.29
S3992,76.08,89.5,85.4,61.41,1.7,48.34,53.59
S3993,71.82,76.34,20.51,76.31,1.56,73.27,53.72
S3994,60.72,47.27,84.26,43.82,0.15,58.2,44.58
S3995,76.16,99.78,52.2,89.7,1.45,71.36,71.78
S3996,78.87,65.89,60.59,54.33,0.81,63.16,60.95
S3997,56.37,44.97,52.51,85.71,0.77,30.14,44.0
S3998,80.01,89.75,89.77,47.01,0.6,87.2,68.77
S3999,72.67,97.4,39.84,90.63,0.97,100.0,80.27
S4000,46.38,59.41,62.21,76.44,1.05,62.0,58.76
S4001,62.09,50.93,71.49,54.37,0.89,49.73,50.87
S4002,68.8,56.9,33.0,83.83,9.24,90.6,75.19
S4003,100.0,72.87,45.44,58.19,6.48,97.14,63.16
S4004,83.35,83.0,59.33,84.99,2.05,62.13,64.41
S4005,54.97,70.27,46.04,64.52,9.52,61.28,56.91
S4006,82.29,61.83,47.32,35.58,11.36,63.64,50.6
S4007,51.79,86.96,55.7,50.35,1.06,36.53,63.96
S4008,91.24,54.37,73.69,61.39,1.41,60.05,65.44
S4009,67.93,78.56,55.83,97.36,7.67,94.15,66.98
S4010,73.6,54.81,81.41,88.02,2.25,62.13,68.87
S4011,94.89,67.76,44.04,100.0,0.57,47.32,66.98
S4012,55.69,57.96,39.47,100.0,2.81,73.44,55.33
S4013,54.04,58.99,96.67,59.3,0.55,53.66,51.93
S4014,66.25,53.21,50.16,66.23,0.99,63.87,45.44
S4015,90.58,84.21,38.4,61.77,0.62,43.43,74.21
S4016,52.21,46.81,30.64,56.57,0.67,47.38,33.99
S4017,32.52,46.68,81.35,33.17,0.01,77.54,56.66
S4018,68.23,98.18,55.86,69.71,5.1,66.97,62.5
S4019,83.28,77.6,57.43,44.29,0.84,51.81,64.81
S4020,93.0,17.07,59.13,69.32,0.22,67.03,58.49
S4021,68.05,49.83,80.23,100.0,0.22,54.68,67.59
S4022,68.83,27.38,58.77,59.81,1.95,51.68,53.94
S4023,92.31,42.89,100.0,73.9,11.88,84.79,67.49
S4024,46.95,3.51,64.41,88.13,0.38,78.31,42.5
S4025,69.17,57.53,81.11,75.61,0.25,64.64,54.74
S4026,77.86,39.45,76.49,75.85,1.38,67.45,62.6
S4027,81.74,61.08,61.34,62.75,1.99,64.86,53.87
S4028,67.35,30.75,51.43,65.36,0.84,73.28,38.94
S4029,75.52,61.49,67.98,50.8,0.86,51.41,56.54
S4030,37.68,52.53,71.18,86.92,1.33,79.66,42.57
S4031,65.13,87.04,51.69,35.17,0.91,71.01,58.41
S4032,81.8,85.4,64.99,89.42,5.93,60.53,65.41
S4033,60.27,74.14,84.25,41.93,0.1,56.71,53.71
S4034,75.88,54.12,99.26,89.25,0.64,79.3,57.6
S4035,81.7,95.74,77.38,62.92,3.97,62.44,82.62
S4036,69.86,32.05,95.53,45.36,4.31,53.12,48.47
S4037,77.56,34.74,50.67,81.59,0.28,58.46,52.51
S4038,60.56,58.49,74.63,88.58,8.74,78.08,56.48
S4039,71.9,100.0,86.09,61.24,2.84,37.62,64.55
S4040,84.15,56.36,45.87,84.41,0.76,58.96,70.93
S4041,77.35,56.7,53.26,24.3,1.46,83.2,55.81
S4042,66.2,34.05,93.28,43.59,0.85,62.14,50.85
S4043,78.36,77.03,44.45,95.85,0.39,69.64,65.22
S4044,85.72,77.16,37.86,65.53,0.83,83.48,59.66
S4045,44.25,74.2,89.5,32.76,2.08,80.17,57.22
S4046,92.39,48.67,83.54,56.02,4.2,57.52,70.26
S4047,69.96,47.28,69.78,51.53,1.08,62.78,53.46
S4048,81.38,36.72,61.18,66.68,1.03,80.38,59.8
S4049,92.96,61.51,54.11,62.58,1.51,80.97,66.02
S4050,54.42,40.55,67.08,73.58,2.48,63.5,51.8
S4051,64.36,38.81,90.44,68.61,3.34,64.09,55.89
S4052,70.67,52.37,66.29,97.19,0.95,69.55,60.26
S4053,63.24,51.2,100.0,78.49,2.12,88.24,71.9
S4054,100.0,50.32,45.84,79.15,1.18,83.15,69.7
S4055,62.15,68.4,61.65,93.3,3.02,76.79,57.91
S4056,66.67,61.42,55.28,62.22,0.43,46.66,52.66
S4057,78.07,54.81,42.47,44.76,0.71,60.33,47.56
S4058,56.97,63.29,59.24,94.14,1.33,61.22,64.46
S4059,69.06,42.15,69.51,72.72,5.28,89.11,59.23
S4060,79.76,61.9,71.44,72.79,2.04,60.94,77.85
S4061,70.01,62.71,100.0,57.33,8.07,86.31,72.62
S4062,73.6,32.95,70.36,57.66,0.26,55.3,60.46
S4063,67.06,77.92,82.7,86.93,1.48,56.65,62.25
S4064,52.28,44.13,63.19,89.69,1.3,73.18,56.03
S4065,79.82,61.63,92.21,85.68,2.2,91.66,77.54
S4066,100.0,80.96,100.0,85.86,4.01,61.4,76.02
S4067,75.28,76.66,71.56,81.38,4.42,21.43,65.15
S4068,78.38,60.62,44.13,72.63,2.66,38.41,62.92
S4069,85.39,53.48,52.12,66.49,2.46,70.07,58.71
S4070,55.96,77.06,67.07,94.21,7.14,39.93,59.4
S4071,100.0,72.14,70.22,62.53,1.16,50.29,79.28
S4072,78.03,48.87,74.57,77.4,4.29,65.21,57.44
S4073,99.48,45.69,70.28,53.92,6.11,23.36,62.48
S4074,64.0,22.7,62.13,56.81,1.62,58.54,43.9
S4075,100.0,62.77,50.55,65.28,3.13,45.2,57.92
S4076,86.63,58.51,69.22,53.92,1.14,39.51,64.26
S4077,83.3,80.45,95.39,85.96,0.42,51.36,73.0
S4078,78.51,66.46,80.36,43.04,2.12,46.82,63.63
S4079,71.27,84.02,71.62,71.98,0.52,72.98,53.77
S4080,93.01,47.45,80.53,72.65,1.47,85.34,72.03
S4081,77.11,80.49,55.32,33.78,4.95,58.8,55.54
S4082,45.49,50.48,52.85,61.18,0.22,54.87,35.54
S4083,58.24,74.0,48.54,75.11,0.07,57.96,67.48
S4084,72.21,33.74,59.74,78.57,2.24,46.16,57.88
S4085,79.65,64.23,54.4,65.91,0.96,43.09,59.68
S4086,74.15,24.28,83.75,83.54,1.3,37.03,64.52
S4087,93.28,55.19,53.44,67.81,1.25,42.4,61.57
S4088,45.73,67.93,47.55,70.27,0.22,92.74,49.66
S4089,77.15,50.62,96.97,75.03,0.01,53.26,64.34
S4090,47.73,41.09,53.88,88.54,5.49,14.99,44.38
S4091,86.4,75.23,64.76,56.49,0.59,55.02,60.87
S4092,73.58,58.14,70.12,60.26,1.33,37.96,50.0
S4093,81.29,51.19,41.54,56.62,8.57,66.01,52.43
S4094,62.04,60.75,84.24,63.36,4.21,64.18,67.9
S4095,94.19,100.0,73.47,98.52,0.27,65.95,81.74
S4096,90.63,80.76,90.05,81.45,1.7,64.31,73.3
S4097,83.75,80.93,49.77,47.38,3.14,58.66,55.45
S4098,73.06,67.84,63.78,57.99,2.88,40.25,56.32
S4099,83.7,63.0,62.71,77.46,3.43,63.73,55.67
S4100,64.4,16.87,66.75,51.87,1.47,82.32,50.33
S4101,87.83,47.78,35.82,55.49,0.46,95.83,62.49
S4102,99.74,51.35,64.0,96.9,1.5,60.95,83.59
S4103,91.06,26.25,36.32,57.73,2.51,62.8,44.85
S4104,64.06,39.17,68.45,89.09,2.25,73.51,64.8
S4105,80.42,24.34,23.68,95.11,0.18,90.39,48.86
S4106,55.6,59.31,28.67,55.33,0.16,56.73,38.78
S4107,83.59,74.74,76.73,52.2,8.06,76.78,63.96
S4108,81.76,79.92,52.16,64.48,0.4,51.01,62.67
S4109,46.95,67.47,44.22,48.23,0.84,70.61,43.2
S4110,57.57,42.66,84.88,72.42,3.5,81.5,57.02
S4111,70.75,25.22,67.9,65.89,1.27,43.06,48.49
S4112,70.49,28.38,77.7,77.21,0.48,56.07,51.83
S4113,56.86,37.16,59.01,97.94,1.51,81.23,52.14
S4114,80.83,44.0,100.0,86.35,2.02,75.47,55.94
S4115,78.77,57.12,51.12,79.78,1.45,82.61,62.82
S4116,72.09,41.75,93.4,30.68,6.03,79.42,61.02
S4117,63.66,66.1,60.9,78.87,0.8,59.2,54.68
S4118,90.73,55.82,32.22,100.0,2.6,100.0,68.75
S4119,99.83,60.19,70.69,9.79,0.29,67.33,67.86
S4120,67.75,80.52,67.67,83.79,1.2,13.05,61.19
S4121,65.82,38.76,43.08,66.81,3.24,60.2,58.47
S4122,82.37,67.54,45.4,53.0,0.61,57.02,70.57
S4123,69.63,59.75,61.56,86.02,2.14,78.52,78.68
S4124,72.91,54.0,68.3,100.0,0.4,57.33,56.49
S4125,86.09,75.93,17.53,85.5,0.26,83.68,54.44
S4126,46.36,75.82,80.96,62.58,1.78,74.49,58.0
S4127,94.77,42.96,53.1,51.13,2.7,48.0,57.5
S4128,76.09,56.72,38.03,72.89,0.29,62.61,64.83
S4129,68.83,65.06,78.94,87.46,6.0,51.82,71.07
S4130,73.66,55.09,61.57,62.26,0.61,68.14,50.99
S4131,74.44,70.53,83.89,64.19,0.31,51.71,60.78
S4132,49.03,65.06,69.88,100.0,0.54,66.27,60.89
S4133,97.42,92.99,61.97,91.57,0.45,60.37,66.41
S4134,75.62,32.45,59.25,93.0,0.23,62.41,57.63
S4135,81.65,57.8,70.69,40.79,3.84,99.87,57.0
S4136,89.27,43.65,54.56,55.86,1.64,58.87,47.14
S4137,59.68,70.87,46.65,71.49,1.18,32.11,47.27
S4138,82.1,30.89,72.98,49.98,7.22,82.27,63.1
S4139,70.99,66.23,59.4,100.0,1.11,82.14,69.07
S4140,87.7,48.66,62.6,98.21,0.44,31.36,62.84
S4141,43.09,46.79,81.61,59.33,0.77,53.08,56.99
S4142,73.51,33.96,59.95,100.0,0.66,72.41,65.04
S4143,65.96,51.63,62.27,69.91,1.66,73.91,59.2
S4144,81.48,79.52,51.21,100.0,0.83,64.92,68.82
S4145,82.05,59.55,69.75,72.89,1.74,65.3,65.49
S4146,64.39,71.3,68.3,81.52,2.66,49.04,61.59
S4147,64.32,89.96,78.21,98.0,3.6,24.2,55.59
S4148,73.34,64.75,51.58,95.55,2.97,99.84,74.22
S4149,61.55,49.94,53.76,80.21,0.55,48.53,55.67
S4150,87.63,68.41,76.26,67.18,0.3,68.0,60.57
S4151,69.46,50.2,66.54,80.28,1.88,62.3,68.49
S4152,31.4,50.92,45.69,53.68,0.53,80.25,39.97
S4153,69.38,32.64,85.52,73.04,0.21,66.95,58.09
S4154,59.42,76.67,31.43,47.81,1.8,67.61,57.45
S4155,50.53,53.05,76.12,34.38,0.95,20.22,47.44
S4156,56.44,63.28,39.23,71.01,3.39,50.83,60.05
S4157,76.64,41.35,95.94,95.25,0.91,77.66,67.01
S4158,94.93,67.85,34.2,88.52,9.24,76.13,79.8
S4159,79.7,46.29,82.74,68.36,3.41,48.82,57.9
S4160,65.9,57.45,60.53,100.0,0.14,38.17,66.87
S4161,81.84,75.8,55.4,58.62,1.71,67.15,49.47
S4162,68.11,74.23,65.34,31.64,1.98,15.58,45.64
S4163,64.58,59.6,73.37,26.36,2.85,45.47,54.46
S4164,57.68,28.17,45.72,46.38,1.65,94.92,44.07
S4165,48.72,100.0,47.32,86.33,1.59,89.57,63.89
S4166,69.15,91.43,73.69,57.3,1.1,73.28,67.04
S4167,77.37,73.01,31.27,79.22,0.76,70.22,52.34
S4168,73.55,46.44,51.48,100.0,7.01,31.85,52.97
S4169,68.76,57.96,100.0,48.0,0.92,52.41,63.07
S4170,60.81,50.22,44.58,79.57,0.16,59.98,48.18
S4171,84.12,82.75,82.66,80.78,0.44,52.77,79.77
S4172,55.24,64.73,51.45,52.79,4.67,59.05,52.05
S4173,86.64,45.89,71.16,97.08,2.12,87.09,73.71
S4174,59.97,51.53,73.78,64.25,3.62,55.79,59.74
S4175,63.71,80.18,82.32,62.32,3.97,59.2,62.08
S4176,53.0,88.8,58.4,100.0,4.16,77.57,55.64
S4177,67.48,87.51,97.8,80.46,1.92,40.87,78.16
S4178,89.63,73.63,51.39,88.51,0.47,50.72,60.12
S4179,82.73,55.45,66.22,97.1,0.39,52.46,62.6
S4180,89.68,1.65,66.41,56.99,2.05,65.95,51.29
S4181,82.83,65.35,41.8,95.0,1.1,59.14,62.54
S4182,58.44,59.97,56.85,59.96,1.96,59.67,59.69
S4183,70.04,62.52,64.91,59.11,1.66,53.7,58.09
S4184,63.3,60.97,54.22,64.56,2.21,46.8,53.57
S4185,94.96,36.13,100.0,57.56,0.08,75.36,73.28
S4186,57.05,70.03,46.9,86.44,0.08,59.26,60.19
S4187,88.41,71.38,83.23,75.34,3.07,75.52,69.0
S4188,88.39,72.28,77.42,60.18,0.52,46.1,59.05
S4189,100.0,77.04,61.75,83.49,2.53,53.69,66.98
S4190,68.85,70.87,46.43,64.5,1.9,61.24,57.13
S4191,85.68,52.62,48.17,63.44,9.61,62.83,54.71
S4192,100.0,58.72,52.68,70.97,4.33,77.82,68.42
S4193,65.74,61.64,29.86,79.27,1.28,57.68,52.26
S4194,51.97,61.94,43.94,77.8,2.3,77.69,39.5
S4195,46.8,77.97,35.32,62.74,0.3,71.37,42.62
S4196,85.69,71.59,86.23,86.94,1.17,63.18,55.62
S4197,46.75,97.39,73.13,65.55,3.18,48.83,60.03
S4198,69.42,99.72,76.15,56.9,2.34,77.87,76.46
S4199,81.56,61.43,72.6,40.64,1.59,49.25,47.67
S4200,77.78,0.0,65.01,89.66,0.47,64.64,44.66
S4201,81.38,82.26,88.29,70.25,3.9,64.08,72.37
S4202,78.33,50.27,51.01,74.22,0.77,61.48,51.12
S4203,94.18,45.57,63.92,90.92,4.12,58.38,60.57
S4204,60.72,52.83,75.45,60.45,2.27,51.02,59.39
S4205,64.85,51.96,38.22,42.51,1.12,37.51,41.97
S4206,63.41,71.02,100.0,71.4,0.1,88.86,60.78
S4207,87.45,31.93,62.51,76.16,0.63,56.64,45.63
S4208,88.51,40.6,64.56,64.74,5.28,62.82,75.04
S4209,81.77,66.18,84.62,99.47,4.09,62.72,80.61
S4210,92.75,71.21,78.47,20.28,2.05,83.63,62.85
S4211,57.33,71.55,62.69,92.4,1.51,97.86,66.11
S4212,100.0,45.83,64.34,85.82,2.5,67.72,65.0
S4213,97.85,42.39,34.93,79.14,1.51,62.33,61.84
S4214,86.03,50.88,51.98,3.28,2.48,45.9,43.28
S4215,100.0,64.32,71.31,95.68,0.88,40.46,67.7
S4216,50.15,86.74,69.99,49.47,4.38,34.84,59.71
S4217,67.13,23.15,83.98,59.85,2.9,51.47,62.51
S4218,63.97,56.03,59.83,66.59,0.96,29.46,57.03
S4219,85.82,36.01,37.03,78.15,4.26,83.34,65.65
S4220,59.25,30.26,81.02,82.79,1.6,72.19,55.63
S4221,86.36,77.41,87.85,87.86,0.46,60.72,70.38
S4222,95.56,69.8,78.17,86.32,0.19,83.86,63.28
S4223,85.43,68.09,59.05,75.06,2.89,46.79,64.6
S4224,79.26,76.58,80.8,78.32,4.81,51.06,72.82
S4225,60.18,51.37,100.0,48.18,3.95,32.13,55.94
S4226,62.3,52.21,64.07,54.98,2.56,78.16,51.51
S4227,93.74,99.34,38.39,87.91,0.37,51.22,76.93
S4228,86.69,55.56,51.45,86.74,0.24,65.27,66.52
S4229,74.41,73.23,73.26,84.48,1.02,82.04,77.16
S4230,68.73,60.11,33.11,59.71,4.63,88.3,50.21
S4231,44.61,26.73,65.05,88.21,7.83,64.5,48.86
S4232,58.94,23.2,68.85,46.78,0.66,71.53,54.86
S4233,100.0,49.58,89.63,91.55,3.45,49.63,72.98
S4234,55.79,79.01,85.58,64.78,2.05,93.62,63.56
S4235,77.84,74.19,77.56,100.0,0.08,62.18,68.07
S4236,90.11,76.45,23.07,39.57,1.88,66.36,55.88
S4237,56.18,42.23,78.58,100.0,3.94,58.08,67.0
S4238,77.77,89.09,74.7,62.77,0.78,85.39,69.58
S4239,89.07,42.63,66.61,62.41,5.46,68.39,67.79
S4240,75.19,63.83,30.86,73.9,0.65,77.94,59.74
S4241,100.0,59.81,48.02,56.06,0.19,71.02,56.9
S4242,49.97,56.87,41.0,68.55,0.42,61.25,43.41
S4243,90.88,84.09,25.73,55.25,4.35,80.8,60.53
S4244,72.41,47.31,61.95,55.98,1.3,70.87,48.06
S4245,86.58,35.71,47.64,79.74,3.83,48.66,53.97
S4246,81.62,60.36,100.0,51.97,1.82,48.18,75.08
S4247,64.0,52.8,58.96,54.64,1.57,67.53,53.9
S4248,78.43,100.0,85.29,42.54,3.95,80.43,68.47
S4249,47.13,72.18,33.76,59.92,1.32,92.87,63.4
S4250,84.05,52.63,52.46,96.23,3.89,34.79,56.3
S4251,79.47,40.99,63.74,53.08,0.25,65.44,49.68
S4252,84.58,26.15,45.65,55.37,2.43,73.32,59.73
S4253,90.87,41.55,54.4,73.88,2.91,70.03,65.41
S4254,80.51,62.07,58.08,62.58,5.5,82.16,63.73
S4255,77.22,85.69,57.79,100.0,0.61,76.14,75.91
S4256,61.78,80.19,95.39,66.75,2.22,48.25,68.32
S4257,64.32,64.12,68.81,76.7,1.36,47.75,52.51
S4258,92.8,54.18,70.63,88.88,1.16,70.31,54.72
S4259,96.55,64.84,71.71,88.49,0.27,81.84,69.64
S4260,71.43,50.66,73.03,74.67,0.35,67.44,67.22
S4261,75.69,90.93,60.51,66.78,4.35,38.18,62.65
S4262,61.43,56.59,56.23,100.0,3.32,47.2,62.06
S4263,92.59,58.45,65.0,68.0,1.16,76.76,67.4
S4264,84.98,20.12,82.82,61.17,4.23,59.07,48.87
S4265,100.0,56.48,82.27,57.08,0.2,67.01,65.68
S4266,61.83,75.06,57.67,35.46,2.35,83.11,58.96
S4267,69.33,40.78,75.82,86.43,4.86,44.56,55.78
S4268,78.47,46.49,58.5,23.04,4.38,57.96,49.88
S4269,84.7,74.27,62.61,69.89,1.12,56.11,67.55
S4270,71.76,33.42,53.48,65.9,3.28,71.04,54.39
S4271,61.91,79.04,58.73,100.0,1.34,78.14,72.8
S4272,88.22,50.42,86.14,33.37,4.4,39.84,62.86
S4273,85.82,53.01,63.66,51.98,1.82,64.91,54.25
S4274,61.26,39.77,64.44,67.28,3.47,79.78,53.1
S4275,95.33,66.8,35.95,66.05,0.2,33.47,57.86
S4276,92.55,100.0,56.43,59.01,2.14,63.91,78.77
S4277,77.01,74.07,57.66,68.38,1.92,44.33,58.41
S4278,76.19,44.44,47.08,44.81,2.26,54.09,40.22
S4279,83.31,80.44,62.39,77.14,2.85,22.41,67.28
S4280,62.07,54.3,54.27,23.57,6.01,88.68,48.11
S4281,75.45,84.74,63.44,69.48,3.7,58.95,58.95
S4282,42.71,74.52,64.19,57.99,0.6,51.28,52.66
S4283,88.15,7.02,44.8,90.33,4.2,70.58,60.94
S4284,51.58,41.93,54.82,100.0,0.31,47.28,48.69
S4285,97.55,77.0,63.39,63.38,2.34,45.67,70.69
S4286,70.05,62.73,83.32,97.81,5.14,90.68,77.12
S4287,71.82,41.57,66.62,63.68,0.26,95.75,63.6
S4288,65.58,48.6,50.09,50.68,4.55,54.93,47.11
S4289,70.68,25.69,69.18,100.0,3.85,83.15,55.15
S4290,96.28,58.41,92.74,80.42,1.68,71.05,68.4
S4291,37.68,99.79,78.5,70.09,0.89,40.96,64.88
S4292,94.15,74.49,71.86,83.74,1.25,49.22,74.92
S4293,80.07,99.43,75.06,75.48,8.31,91.37,73.79
S4294,56.89,75.88,87.92,68.62,0.54,40.74,74.42
S4295,58.87,78.49,81.36,43.47,2.08,100.0,57.79
S4296,100.0,95.53,72.2,64.59,0.21,55.29,79.87
S4297,60.82,66.79,81.24,82.47,0.59,91.87,75.78
S4298,57.7,56.63,42.53,67.54,3.46,59.81,52.76
S4299,92.06,78.59,34.96,88.05,0.86,78.6,62.61
S4300,80.08,86.17,64.83,77.67,10.21,88.72,71.36
S4301,60.93,51.36,63.24,52.44,1.67,88.63,54.14
S4302,78.25,47.01,52.21,43.62,1.74,55.07,58.81
S4303,59.61,62.5,76.87,66.86,0.09,50.42,50.69
S4304,91.51,74.97,28.47,59.52,7.53,63.62,51.58
S4305,90.92,74.37,52.37,76.73,0.46,42.89,66.28
S4306,82.98,34.36,53.27,55.64,1.86,69.07,57.94
S4307,80.42,94.41,32.55,57.69,1.21,51.05,71.67
S4308,100.0,48.46,88.91,91.06,1.29,83.41,66.82
S4309,75.0,55.23,37.53,72.96,2.47,55.31,54.21
S4310,57.27,43.75,51.41,55.95,2.6,35.38,53.55
S4311,81.74,100.0,78.34,70.35,0.4,88.82,76.47
S4312,100.0,64.36,73.63,97.58,1.66,68.12,73.7
S4313,59.78,44.68,42.05,75.88,3.75,65.5,56.84
S4314,69.58,75.55,74.28,81.86,1.41,83.6,65.11
S4315,81.25,73.84,67.22,54.96,0.44,79.82,70.07
S4316,74.19,56.62,100.0,90.53,0.9,52.05,61.59
S4317,60.27,75.13,69.27,100.0,0.57,57.35,55.85
S4318,91.83,45.14,59.46,54.17,0.32,46.08,55.13
S4319,100.0,51.13,46.58,46.36,1.14,40.1,40.7
S4320,77.94,23.82,48.6,73.51,1.87,74.84,53.92
S4321,61.44,36.17,47.14,87.51,0.18,71.67,42.01
S4322,51.77,92.54,86.68,68.17,2.22,77.93,69.61
S4323,78.87,89.55,62.32,48.94,11.92,86.79,73.18
S4324,91.56,61.18,72.17,67.83,7.99,78.17,71.14
S4325,82.13,89.93,89.26,81.96,4.24,79.68,81.37
S4326,74.96,57.12,19.55,61.86,0.74,29.67,47.92
S4327,66.16,55.62,85.02,82.15,0.05,59.78,61.24
S4328,58.62,61.02,63.0,93.29,4.3,81.4,74.73
S4329,87.52,57.75,69.83,74.8,0.14,45.14,65.56
S4330,88.71,56.13,47.09,69.44,0.55,66.56,64.8
S4331,51.81,80.58,48.41,86.59,1.89,73.83,66.5
S4332,98.85,62.7,70.8,52.88,0.47,72.53,70.84
S4333,83.61,72.82,100.0,50.91,4.31,71.27,84.76
S4334,95.99,78.56,80.06,64.67,3.6,75.18,75.74
S4335,54.87,66.99,84.78,60.16,3.38,68.07,61.55
S4336,54.51,42.54,58.54,53.93,4.06,40.13,44.08
S4337,72.77,35.65,51.2,100.0,0.6,73.62,56.68
S4338,82.54,62.68,47.95,100.0,3.13,69.84,61.92
S4339,100.0,56.92,53.21,62.93,1.05,40.35,65.09
S4340,85.59,61.57,25.05,71.83,2.64,88.46,54.19
S4341,71.36,59.71,48.95,66.24,0.31,74.08,57.52
S4342,59.6,100.0,51.91,92.15,2.93,41.53,68.08
S4343,93.45,36.06,58.84,96.11,8.59,51.11,67.07
S4344,60.53,24.18,64.37,34.45,0.11,55.41,38.23
S4345,99.43,65.98,68.52,79.52,0.24,55.4,73.54
S4346,70.73,53.22,61.73,43.86,0.32,69.98,53.9
S4347,98.86,65.69,51.53,100.0,1.35,48.4,51.44
S4348,85.18,70.51,26.66,78.8,0.82,84.18,55.48
S4349,72.95,83.11,51.64,53.53,3.95,82.78,71.88
S4350,67.21,32.87,44.5,65.17,1.54,75.53,59.28
S4351,69.89,49.98,70.39,64.22,1.59,65.75,61.71
S4352,81.42,67.72,78.37,80.5,3.03,80.94,75.96
S4353,76.16,73.87,78.89,90.84,1.08,60.31,65.12
S4354,66.09,99.48,75.63,47.04,1.05,52.68,62.83
S4355,72.52,77.2,59.6,100.0,3.39,85.23,78.12
S4356,76.18,58.98,52.6,100.0,3.63,70.4,67.77
S4357,43.07,43.97,48.55,52.49,0.03,53.37,42.89
S4358,81.87,49.84,34.87,71.46,0.37,57.9,52.98
S4359,60.3,49.33,79.85,100.0,0.58,52.48,68.5
S4360,57.7,71.79,58.86,94.66,1.04,99.38,71.94
S4361,49.69,64.63,39.57,63.27,0.83,65.07,53.57
S4362,48.09,36.17,47.12,86.29,2.65,67.68,50.12
S4363,54.67,52.15,46.39,100.0,4.23,77.26,56.08
S4364,64.36,75.8,62.77,72.1,0.51,44.34,63.47
S4365,100.0,66.33,81.21,57.35,1.99,83.64,65.86
S4366,67.11,70.24,55.74,73.45,1.1,54.67,53.64
S4367,77.67,66.89,21.45,74.93,1.69,96.11,50.08
S4368,81.01,89.28,58.59,59.51,2.33,59.68,73.3
S4369,76.97,64.25,59.19,78.83,5.38,82.64,62.38
S4370,73.84,53.05,57.95,44.91,0.51,22.55,52.33
S4371,57.07,43.52,50.71,56.69,0.22,45.02,45.47
S4372,96.76,64.49,65.91,85.16,2.37,60.01,87.62
S4373,100.0,16.07,63.19,34.9,1.2,30.48,52.39
S4374,49.76,56.68,61.55,88.06,0.43,75.22,45.86
S4375,59.64,56.29,69.43,29.76,0.3,70.32,58.75
S4376,70.8,35.44,54.26,35.37,1.96,48.16,44.42
S4377,60.53,43.29,53.24,60.02,0.86,64.73,49.14
S4378,82.59,74.57,86.84,75.74,12.0,78.71,74.13
S4379,64.08,64.15,72.07,96.51,1.25,29.25,62.46
S4380,100.0,61.83,76.89,71.15,0.57,43.35,69.13
S4381,92.86,65.51,84.07,65.07,2.38,59.3,66.14
S4382,78.19,61.67,71.47,81.59,0.67,65.4,62.24
S4383,90.4,82.37,78.71,52.58,1.64,64.0,70.53
S4384,91.59,62.22,33.57,72.79,1.58,80.12,47.72
S4385,66.54,33.75,65.67,46.01,1.45,73.11,42.81
S4386,62.76,89.34,58.71,71.65,3.82,76.84,75.66
S4387,76.17,66.67,92.2,67.4,0.59,41.37,67.32
S4388,87.92,49.39,78.7,53.91,5.63,67.46,62.1
S4389,77.09,37.44,50.65,73.3,3.76,59.78,45.57
S4390,51.35,67.13,68.71,73.17,0.97,89.86,60.11
S4391,62.96,57.89,65.02,93.51,0.48,67.96,67.29
S4392,73.89,88.33,70.18,37.89,0.79,53.63,77.45
S4393,73.87,53.77,43.66,68.48,0.97,79.49,68.01
S4394,100.0,44.93,68.48,54.79,1.95,74.58,59.01
S4395,54.21,76.12,57.89,87.4,0.11,51.03,55.65
S4396,82.58,76.66,67.08,85.08,5.9,59.08,62.18
S4397,97.34,63.04,48.96,80.16,0.25,59.37,59.77
S4398,100.0,72.17,51.47,55.92,0.79,85.87,65.82
S4399,68.93,59.32,83.13,87.71,0.28,68.46,63.66
S4400,82.37,64.21,43.07,39.4,0.71,77.36,68.38
S4401,83.55,80.97,44.4,35.29,4.36,56.61,51.21
S4402,77.93,71.26,61.07,44.48,2.29,70.69,60.57
S4403,73.52,56.95,48.11,69.33,0.62,87.16,46.44
S4404,81.54,84.34,46.07,83.5,4.93,58.86,69.33
S4405,37.02,17.43,63.89,10.48,3.87,66.96,27.67
S4406,85.23,96.94,34.91,96.45,3.36,41.82,74.62
S4407,76.89,29.29,43.86,72.62,4.52,51.99,50.46
S4408,71.66,48.71,98.97,38.64,2.32,59.31,51.93
S4409,100.0,59.26,70.27,72.02,1.67,46.97,54.63
S4410,64.88,57.36,48.56,91.85,1.12,87.47,54.62
S4411,68.95,78.12,69.53,81.99,0.61,50.75,65.88
S4412,100.0,40.96,72.21,91.98,1.96,78.38,72.78
S4413,62.52,64.69,79.9,42.68,5.29,68.18,57.42
S4414,66.75,49.59,59.71,61.72,2.16,65.52,60.99
S4415,72.79,65.31,79.58,51.51,6.05,90.26,60.14
S4416,87.61,58.83,25.31,100.0,1.06,26.57,39.36
S4417,78.12,61.67,42.99,82.79,2.85,61.66,62.17
S4418,55.61,50.1,64.95,100.0,2.51,46.63,65.57
S4419,67.02,50.82,67.93,60.65,2.66,31.66,61.9
S4420,65.89,65.17,45.59,55.51,2.49,44.69,44.86
S4421,73.84,76.99,66.67,67.14,0.6,65.29,60.83
S4422,81.39,49.23,50.77,97.57,0.37,52.67,64.78
S4423,81.27,44.36,57.01,62.68,9.23,80.24,58.87
S4424,48.36,71.04,80.45,72.49,0.11,61.36,60.09
S4425,90.96,59.41,78.36,71.93,1.51,59.48,63.49
S4426,78.79,74.95,44.05,70.79,1.33,59.56,54.2
S4427,95.77,43.7,42.97,56.95,1.07,63.33,51.31
S4428,81.66,27.97,54.6,67.25,3.66,57.89,60.37
S4429,91.52,50.41,61.52,66.4,3.28,50.53,62.0
S4430,82.0,46.21,50.16,69.85,5.65,81.82,68.89
S4431,95.19,58.58,80.73,88.87,1.21,54.39,74.16
S4432,82.83,48.54,68.25,100.0,1.99,58.48,75.55
S4433,73.53,73.34,69.31,53.19,5.35,72.3,69.7
S4434,100.0,54.81,39.2,62.16,12.0,70.42,70.73
S4435,88.34,62.71,83.01,53.5,8.36,49.81,67.69
S4436,83.61,62.84,11.24,73.74,3.04,77.83,74.13
S4437,55.86,63.51,77.01,59.23,0.37,74.14,59.23
S4438,55.68,59.57,78.82,74.8,0.06,68.03,47.81
S4439,79.39,69.19,54.22,92.07,4.19,57.67,67.81
S4440,77.18,45.68,84.91,19.48,4.41,58.09,50.46
S4441,65.79,85.19,60.86,79.84,3.29,61.57,71.54
S4442,77.11,55.74,63.12,60.8,0.79,44.06,61.33
S4443,98.83,36.39,68.11,79.21,2.45,64.33,64.0
S4444,85.43,63.39,100.0,52.07,0.91,80.17,64.99
S4445,57.88,44.68,86.2,93.93,1.44,79.9,64.32
S4446,73.33,71.98,74.62,88.27,1.16,58.53,63.47
S4447,62.93,99.77,45.57,81.37,5.88,83.09,72.98
S4448,69.18,45.84,64.58,85.86,0.64,97.4,65.66
S4449,68.8,65.98,47.36,55.09,2.07,59.62,72.74
S4450,67.84,28.4,76.8,57.61,1.07,76.76,52.18
S4451,56.17,68.17,64.53,85.05,2.61,26.53,55.48
S4452,73.09,44.06,41.76,54.65,2.0,43.61,48.06
S4453,66.59,48.75,63.46,98.91,6.18,66.55,63.01
S4454,31.06,40.18,46.71,63.53,0.26,47.89,45.75
S4455,100.0,73.18,64.72,80.04,0.6,99.67,73.19
S4456,91.33,78.13,46.54,100.0,3.49,75.16,83.86
S4457,69.36,60.42,62.49,55.88,1.1,81.42,62.49
S4458,75.28,44.44,75.51,71.38,0.44,64.51,57.27
S4459,57.43,88.61,61.05,91.08,1.68,47.95,59.14
S4460,100.0,46.49,54.96,89.03,2.53,56.18,71.78
S4461,100.0,21.08,65.66,63.44,0.11,69.32,59.02
S4462,77.35,68.25,74.55,59.67,0.83,54.16,62.73
S4463,90.35,40.11,42.07,65.34,3.98,76.41,54.87
S4464,77.63,77.79,66.69,98.96,1.76,77.09,71.37
S4465,54.95,53.14,85.72,64.42,0.09,65.08,53.89
S4466,68.82,70.87,72.33,71.56,0.79,33.96,68.54
S4467,76.98,85.23,63.04,61.46,2.45,94.15,73.06
S4468,68.18,38.24,73.52,84.11,0.53,61.38,57.37
S4469,71.72,49.81,70.14,73.11,4.22,100.0,63.86
S4470,73.63,58.64,75.56,49.93,2.71,76.09,62.25
S4471,73.79,87.68,25.57,50.62,1.53,61.43,55.56
S4472,75.78,48.15,34.04,30.03,5.93,72.61,44.37
S4473,59.09,49.3,80.09,53.37,1.19,30.67,40.92
S4474,64.24,68.61,34.9,85.88,0.64,82.44,53.43
S4475,55.73,49.61,69.23,96.48,2.6,100.0,62.7
S4476,89.67,62.75,55.66,83.71,2.04,29.48,58.2
S4477,43.42,32.07,44.07,81.09,0.98,60.11,49.66
S4478,92.3,99.86,68.29,67.47,1.01,63.21,72.28
S4479,95.8,35.74,65.62,85.5,1.22,79.88,76.88
S4480,70.47,54.21,99.99,75.73,0.83,100.0,66.86
S4481,35.95,59.42,50.75,100.0,2.97,71.51,55.5
S4482,69.58,94.43,87.92,68.03,2.53,100.0,73.6
S4483,74.04,36.15,68.34,96.86,1.39,67.9,64.06
S4484,59.84,95.71,50.1,87.48,1.22,72.67,71.51
S4485,67.27,73.63,76.39,84.71,1.09,70.58,70.78
S4486,97.95,67.51,72.18,29.77,0.8,85.75,53.68
S4487,84.97,42.28,62.65,88.58,0.22,57.82,64.4
S4488,61.13,70.28,66.79,67.45,0.75,78.91,55.02
S4489,51.04,46.98,51.25,61.12,0.93,44.08,44.59
S4490,70.09,82.8,47.14,40.34,1.9,60.16,60.67
S4491,71.8,42.52,75.67,69.89,3.57,54.18,52.55
S4492,82.44,57.96,57.97,70.67,1.21,66.5,68.59
S4493,66.97,50.01,60.56,43.94,6.95,59.63,52.76
S4494,82.67,42.22,67.04,40.53,4.22,84.25,72.16
S4495,100.0,73.34,66.78,79.73,10.05,50.06,75.43
S4496,87.23,69.64,36.27,87.43,5.01,35.57,72.4
S4497,74.28,81.76,85.15,73.81,2.3,41.93,75.55
S4498,72.25,27.96,64.18,93.02,2.19,81.9,56.06
S4499,69.65,79.16,58.35,68.27,0.33,48.52,52.36
S4500,92.71,100.0,69.76,68.91,3.08,71.76,76.86
S4501,65.59,51.87,66.26,51.66,2.2,59.99,51.38
S4502,75.68,94.11,75.81,38.8,1.7,79.01,76.95
S4503,75.77,55.26,71.68,100.0,2.84,61.08,65.38
S4504,67.47,35.3,74.92,92.63,1.41,100.0,61.71
S4505,54.41,54.5,86.32,42.15,1.78,97.27,50.33
S4506,79.84,78.87,77.91,73.12,1.22,59.64,71.37
S4507,74.08,44.91,59.11,68.0,3.03,57.31,49.73
S4508,82.5,49.19,41.79,64.52,5.02,100.0,63.67
S4509,67.0,70.68,92.02,61.82,4.41,46.66,68.91
S4510,93.31,60.06,57.72,77.63,3.7,64.06,62.29
S4511,61.85,70.52,53.48,86.36,0.03,65.38,65.51
S4512,100.0,64.28,30.74,78.05,5.83,64.96,63.47
S4513,48.79,68.63,68.09,67.59,0.77,35.44,44.78
S4514,81.52,52.22,64.68,66.86,5.25,73.44,73.03
S4515,82.13,64.17,34.73,88.74,0.53,48.5,53.2
S4516,63.07,43.31,70.16,79.27,1.39,89.41,63.03
S4517,81.37,83.19,53.03,71.45,3.32,40.25,66.54
S4518,94.19,48.58,100.0,69.28,2.45,66.01,73.82
S4519,41.75,80.32,51.75,76.91,1.29,27.33,54.0
S4520,82.54,55.8,54.17,60.63,2.72,28.38,50.1
S4521,37.6,63.64,46.25,86.43,1.91,50.73,60.52
S4522,60.52,51.09,85.0,48.48,0.77,53.13,61.06
S4523,99.44,41.71,55.29,61.77,2.49,89.92,66.61
S4524,66.27,28.59,48.95,82.22,0.55,64.31,43.12
S4525,57.39,41.0,74.73,47.34,2.84,86.97,48.84
S4526,72.03,54.17,37.15,38.54,0.01,58.54,51.86
S4527,100.0,63.81,73.25,71.26,1.91,75.3,59.57
S4528,47.52,78.19,94.07,36.07,1.23,52.67,59.66
S4529,59.23,51.98,72.2,44.02,0.87,51.51,43.84
S4530,97.46,44.12,73.48,85.13,1.74,34.05,59.72
S4531,100.0,34.03,77.66,65.9,2.49,70.71,57.07
S4532,73.45,68.64,92.77,95.71,8.07,69.46,77.46
S4533,56.41,84.9,83.78,45.9,4.3,78.21,71.39
S4534,100.0,82.79,69.91,68.12,3.03,68.65,76.23
S4535,98.92,72.78,78.27,77.99,1.56,99.45,80.11
S4536,85.18,71.49,46.05,46.59,1.19,67.99,60.2
S4537,62.81,90.56,75.97,90.64,0.08,81.86,74.93
S4538,74.26,65.98,43.9,80.21,1.07,59.49,61.86
S4539,72.59,71.63,55.39,37.81,4.53,49.56,40.15
S4540,79.96,54.23,6.51,69.25,1.16,77.2,56.26
S4541,96.77,35.48,69.23,77.72,1.49,63.48,68.69
S4542,88.19,47.69,50.41,58.2,0.76,79.14,56.52
S4543,58.84,59.84,82.0,40.4,0.77,71.0,44.78
S4544,95.65,61.09,69.02,75.57,0.15,51.52,67.95
S4545,79.7,94.67,82.23,100.0,2.28,83.26,81.73
S4546,85.31,61.46,42.5,62.26,1.43,50.19,54.55
S4547,97.0,81.22,80.69,100.0,2.24,75.63,81.43
S4548,58.33,52.17,99.91,54.95,1.9,86.79,69.3
S4549,74.46,54.39,75.75,74.31,3.85,58.46,77.95
S4550,67.03,36.08,76.23,85.43,3.34,84.65,63.05
S4551,51.48,46.64,65.05,69.83,3.54,71.76,56.63
S4552,80.2,69.49,52.56,64.05,1.66,79.48,57.9
S4553,100.0,60.14,75.7,84.52,1.05,50.78,67.44
S4554,47.4,76.97,34.89,100.0,6.5,68.64,58.52
S4555,74.52,63.26,54.48,76.01,0.13,41.06,64.82
S4556,84.61,53.66,30.12,59.68,0.4,94.09,61.38
S4557,76.85,98.67,49.33,66.2,1.31,30.76,74.05
S4558,73.3,58.31,73.56,100.0,2.28,58.97,57.8
S4559,55.51,80.93,71.1,72.7,0.02,49.16,52.17
S4560,78.49,52.78,62.92,58.11,3.05,76.47,67.26
S4561,63.65,72.77,65.07,47.1,1.96,97.71,69.99
S4562,42.15,76.7,28.05,33.48,1.59,76.13,45.12
S4563,92.92,63.75,55.29,77.27,1.32,100.0,42.5
S4564,89.38,17.62,49.74,83.09,1.76,41.58,48.85
S4565,75.77,60.33,50.14,62.07,0.42,42.88,56.86
S4566,78.44,82.15,72.79,69.7,0.28,49.82,60.78
S4567,91.11,69.49,46.51,46.59,0.82,67.06,61.2
S4568,78.37,68.03,51.12,72.66,2.97,47.54,71.95
S4569,88.56,29.0,24.43,79.63,2.13,52.22,59.61
S4570,70.54,47.03,56.71,59.3,1.57,75.55,60.47
S4571,94.68,67.4,42.42,100.0,2.03,43.93,65.66
S4572,79.81,67.39,63.43,53.26,1.97,45.74,56.69
S4573,77.91,81.86,44.88,75.67,0.88,58.22,66.99
S4574,55.95,57.39,63.88,86.97,0.25,59.82,57.54
S4575,79.3,67.3,59.4,68.45,5.45,82.17,66.73
S4576,62.52,60.29,92.1,66.23,2.2,49.69,52.8
S4577,65.43,42.24,70.95,41.42,2.87,52.76,47.63
S4578,62.77,19.4,28.89,97.15,1.5,74.89,52.67
S4579,59.01,67.76,39.23,66.6,3.39,78.62,49.09
S4580,100.0,63.13,62.99,80.75,2.11,89.29,73.91
S4581,94.97,48.87,45.26,83.45,0.13,72.98,64.93
S4582,100.0,30.85,8.57,57.43,5.3,67.22,53.7
S4583,56.66,71.34,86.29,66.05,0.88,74.78,66.87
S4584,76.07,55.21,74.96,96.69,0.36,60.45,69.55
S4585,55.6,70.02,71.38,47.66,0.22,60.33,51.73
S4586,64.56,93.55,51.07,100.0,3.06,34.84,56.27
S4587,61.23,21.45,69.7,55.1,2.92,80.19,46.04
S4588,93.59,47.41,49.32,46.41,2.89,68.59,62.39
S4589,69.06,56.23,65.69,72.65,5.94,78.21,56.13
S4590,91.03,86.19,45.43,100.0,1.03,17.13,60.06
S4591,84.06,30.54,89.29,31.78,1.98,64.2,50.88
S4592,100.0,94.85,33.74,67.18,2.32,50.45,55.92
S4593,52.81,62.45,84.18,79.53,9.33,90.52,61.29
S4594,93.89,58.27,62.7,70.67,0.9,75.44,72.26
S4595,92.2,56.43,53.19,77.64,7.51,68.98,62.97
S4596,60.4,52.15,65.01,55.64,0.39,57.66,42.34
S4597,90.11,78.87,75.2,58.01,3.47,71.75,67.88
S4598,80.04,40.77,86.6,67.03,2.4,49.22,64.73
S4599,71.59,66.22,67.64,47.4,4.07,63.3,49.16
S4600,62.64,53.08,45.97,69.11,0.07,55.17,57.11
S4601,64.21,46.28,63.0,62.23,0.2,100.0,48.7
S4602,100.0,100.0,94.7,60.6,0.17,89.99,79.74
S4603,75.01,67.54,86.26,76.41,2.16,83.07,67.91
S4604,86.73,71.04,78.36,33.59,2.22,39.66,58.31
S4605,63.14,80.48,76.32,65.42,5.68,79.69,67.38
S4606,63.3,34.42,74.59,100.0,1.51,68.19,64.87
S4607,91.23,91.54,82.86,48.28,0.17,85.8,73.35
S4608,54.76,14.84,53.78,95.71,0.56,70.48,45.47
S4609,68.77,46.16,37.61,71.09,0.02,64.89,53.85
S4610,75.51,51.74,63.24,57.94,3.6,68.97,60.5
S4611,76.67,70.47,47.28,43.59,4.06,34.3,50.7
S4612,72.31,63.94,43.01,72.79,12.0,51.95,61.84
S4613,80.94,57.0,49.03,99.07,1.28,71.35,59.56
S4614,85.39,59.78,100.0,62.22,0.05,84.37,65.9
S4615,86.02,42.4,64.45,68.38,0.64,55.64,63.85
S4616,60.21,33.05,68.51,90.21,2.13,64.31,59.07
S4617,70.74,73.08,40.0,76.82,7.84,37.78,64.14
S4618,92.92,72.49,28.81,38.55,0.26,89.81,62.2
S4619,88.42,88.52,47.26,71.98,0.31,83.93,63.28
S4620,54.41,45.78,87.89,100.0,2.9,76.09,70.4
S4621,80.27,72.47,68.02,69.26,2.64,71.92,65.28
S4622,45.33,54.89,72.77,15.17,0.69,91.39,54.2
S4623,75.7,81.43,75.29,77.76,4.03,51.31,68.33
S4624,100.0,78.4,51.36,66.03,0.33,49.48,67.85
S4625,60.78,63.8,86.98,33.42,6.24,83.05,63.85
S4626,62.49,53.89,50.61,36.42,0.54,81.9,55.32
S4627,86.46,77.3,87.31,89.5,0.2,44.71,62.73
S4628,51.86,71.64,69.96,55.35,1.0,55.97,46.22
S4629,65.51,47.68,29.8,51.85,0.5,93.71,53.3
S4630,83.95,36.1,48.54,69.29,1.8,72.0,58.54
S4631,65.49,54.81,29.87,57.12,2.79,78.38,46.45
S4632,71.46,87.28,82.94,72.0,1.62,45.3,70.23
S4633,86.16,80.64,61.55,65.95,2.59,76.16,60.34
S4634,81.32,39.98,21.89,46.0,1.09,40.87,63.82
S4635,79.0,38.98,68.76,59.78,0.07,31.34,61.3
S4636,69.91,82.94,52.33,78.86,8.77,77.36,72.21
S4637,80.55,39.56,35.29,70.84,4.11,89.39,57.18
S4638,73.14,69.17,92.2,68.36,0.18,60.69,63.26
S4639,81.87,48.91,63.93,100.0,1.43,55.71,56.46
S4640,67.55,89.11,56.72,84.62,2.42,94.08,68.68
S4641,72.26,46.13,54.81,87.05,0.51,61.69,52.58
S4642,60.15,80.58,34.76,66.68,2.07,63.88,50.72
S4643,74.47,63.33,38.52,74.4,1.83,93.8,51.94
S4644,62.83,64.54,85.13,61.38,0.56,58.99,62.53
S4645,58.29,24.53,53.47,85.55,0.37,53.88,46.31
S4646,78.88,20.35,62.4,67.79,3.41,78.86,59.24
S4647,78.19,56.03,25.2,74.45,0.93,52.9,55.46
S4648,86.74,64.44,38.27,73.21,0.67,62.54,61.18
S4649,68.53,39.75,72.98,69.64,3.21,42.57,71.94
S4650,81.12,40.4,68.8,100.0,3.2,68.15,70.48
S4651,83.26,70.11,93.56,56.67,0.78,66.16,61.49
S4652,81.67,70.13,86.17,56.49,4.94,81.46,73.52
S4653,62.62,57.52,57.85,83.88,2.8,79.57,60.34
S4654,77.24,74.04,70.51,58.1,1.02,74.38,56.83
S4655,80.46,38.86,56.3,64.17,1.34,71.7,48.08
S4656,75.11,53.59,98.99,48.27,3.11,63.75,67.18
S4657,43.7,89.66,82.68,79.83,0.57,75.36,69.38
S4658,77.41,61.23,65.05,80.09,1.52,46.09,55.71
S4659,100.0,62.27,65.61,63.7,2.54,25.07,69.73
S4660,69.6,100.0,88.01,84.3,1.86,84.75,78.76
S4661,64.08,34.81,72.43,32.84,2.25,76.46,58.34
S4662,80.6,74.34,90.06,55.86,1.9,62.84,75.18
S4663,79.69,89.95,22.51,66.6,0.53,83.27,60.05
S4664,92.89,54.15,70.3,46.55,1.27,52.56,70.8
S4665,56.13,75.47,52.72,35.03,1.82,53.01,44.39
S4666,85.97,42.32,93.61,63.84,3.63,50.65,79.48
S4667,83.86,47.64,89.84,83.88,2.55,74.65,64.51
S4668,72.87,66.93,62.59,95.64,1.33,38.09,62.66
S4669,80.08,74.37,89.64,59.05,8.8,51.96,67.87
S4670,90.44,80.18,94.1,84.66,0.27,69.93,75.03
S4671,88.08,88.25,63.34,82.73,0.56,44.53,87.02
S4672,57.85,58.79,100.0,94.37,1.0,53.77,63.48
S4673,87.3,81.49,61.44,63.0,0.62,27.4,68.02
S4674,74.03,53.84,58.14,34.03,2.36,75.3,53.3
S4675,76.09,76.24,77.59,71.4,0.1,53.31,71.5
S4676,76.1,63.73,55.63,49.72,0.47,46.31,51.96
S4677,72.75,68.02,63.54,55.53,0.83,42.98,59.08
S4678,92.88,67.62,87.37,63.98,2.76,57.89,74.75
S4679,73.74,31.12,62.35,63.22,5.01,38.14,48.6
S4680,58.21,39.77,31.49,72.83,3.84,98.02,68.0
S4681,69.1,61.85,68.61,84.06,0.48,24.46,62.75
S4682,77.68,29.63,49.47,62.65,2.0,57.34,50.01
S4683,93.44,74.96,77.57,77.91,0.07,66.82,68.09
S4684,84.05,75.69,74.53,70.3,0.89,51.82,67.78
S4685,62.24,65.89,88.49,88.71,3.94,68.61,61.27
S4686,100.0,39.82,78.34,66.23,1.46,51.41,75.13
S4687,78.97,84.84,81.62,68.42,0.39,91.01,75.18
S4688,94.13,96.67,49.96,62.51,1.39,45.98,67.0
S4689,72.72,62.65,76.47,66.76,0.53,25.03,65.06
S4690,83.0,69.19,97.43,54.33,1.2,42.93,62.79
S4691,87.59,63.63,49.6,52.35,1.61,71.57,53.42
S4692,93.27,69.55,94.4,85.52,1.03,63.0,74.97
S4693,90.86,57.85,52.11,48.34,6.63,77.79,63.82
S4694,88.08,59.38,46.66,63.62,1.98,73.53,64.3
S4695,70.27,76.3,67.33,90.31,4.44,54.18,58.62
S4696,66.42,100.0,74.89,62.95,3.43,56.69,65.67
S4697,79.99,34.8,78.41,86.57,2.6,58.45,44.27
S4698,89.0,58.13,44.69,58.18,1.65,97.03,54.97
S4699,71.66,38.75,69.82,48.98,0.01,76.74,58.94
S4700,90.98,88.66,49.66,38.1,2.28,97.16,72.75
S4701,96.79,49.42,35.2,96.25,1.06,79.29,57.16
S4702,61.26,34.02,45.28,47.26,0.3,63.92,42.86
S4703,62.45,71.49,48.48,84.94,1.41,47.67,57.97
S4704,72.89,91.4,71.39,50.0,3.19,68.43,73.19
S4705,79.61,71.94,82.74,96.35,7.83,63.97,84.78
S4706,67.13,63.69,35.48,100.0,1.12,63.41,59.44
S4707,95.28,67.36,68.34,36.27,1.88,61.45,61.92
S4708,81.36,85.47,40.82,48.3,4.57,30.11,49.48
S4709,75.59,44.26,73.32,85.46,0.98,86.43,65.01
S4710,53.46,57.99,50.79,80.26,0.37,64.14,66.21
S4711,55.26,51.85,43.08,85.54,0.79,40.96,57.87
S4712,79.22,38.98,76.39,58.52,5.51,73.19,62.78
S4713,43.01,54.09,51.44,100.0,0.42,50.45,53.93
S4714,90.19,79.94,56.31,72.36,0.96,74.56,64.46
S4715,72.63,70.2,22.04,45.66,1.5,79.99,50.06
S4716,100.0,71.6,79.04,64.94,4.51,82.33,76.24
S4717,100.0,62.64,76.78,45.93,6.66,62.26,70.23
S4718,72.28,69.42,62.1,100.0,1.33,57.97,71.9
S4719,73.4,45.59,34.5,56.79,6.45,54.37,57.32
S4720,89.93,54.43,83.77,79.85,0.42,52.72,70.71
S4721,100.0,63.46,50.01,60.59,0.41,64.71,57.46
S4722,50.43,65.0,53.84,57.69,7.15,61.44,48.98
S4723,48.2,65.76,100.0,31.79,1.71,50.97,50.6
S4724,65.67,57.51,49.33,81.96,0.49,45.56,56.3
S4725,83.74,53.21,75.36,95.98,1.61,63.15,56.01
S4726,82.45,100.0,72.12,51.68,3.67,57.62,70.35
S4727,91.05,76.32,69.02,39.1,4.21,45.6,72.81
S4728,57.0,67.44,67.08,86.07,4.79,79.12,68.37
S4729,40.26,55.8,68.77,37.08,2.02,95.13,48.96
S4730,87.87,51.88,66.89,94.39,4.84,81.36,66.25
S4731,62.58,57.65,61.07,51.91,1.71,52.76,58.14
S4732,44.72,65.27,89.2,47.93,2.24,64.15,58.64
S4733,77.18,26.15,38.37,74.97,3.41,91.19,52.79
S4734,86.9,31.75,80.39,49.24,1.33,45.05,53.17
S4735,73.17,48.54,76.8,55.86,0.18,78.3,60.12
S4736,68.13,63.73,74.57,77.08,1.03,40.38,58.99
S4737,72.61,55.69,82.11,21.42,2.35,93.63,64.17
S4738,69.44,86.61,60.33,100.0,0.51,57.68,75.22
S4739,54.78,33.32,28.36,70.87,0.39,100.0,38.65
S4740,64.28,46.48,60.7,44.14,0.83,94.38,46.62
S4741,82.82,87.36,44.16,49.66,0.08,63.19,68.9
S4742,79.83,62.36,48.83,89.83,3.26,52.77,63.57
S4743,77.52,75.93,39.64,82.02,0.72,68.31,55.2
S4744,60.07,96.92,53.41,97.74,0.32,61.94,72.0
S4745,72.28,47.51,51.26,56.35,2.88,58.17,55.58
S4746,42.34,58.21,19.2,75.93,4.44,36.81,56.58
S4747,77.68,55.1,74.6,78.53,0.05,56.25,61.38
S4748,96.43,24.82,100.0,83.91,0.64,46.12,73.24
S4749,52.89,54.41,72.91,92.55,6.97,74.38,54.8
S4750,66.21,75.86,58.35,55.65,1.17,81.85,68.89
S4751,79.94,69.73,61.01,67.72,6.7,77.59,73.06
S4752,93.79,71.14,54.42,57.8,0.77,70.82,74.32
S4753,68.28,53.24,63.62,68.95,0.59,50.5,62.79
S4754,64.62,48.19,61.33,83.97,0.58,68.49,57.2
S4755,45.47,82.85,46.86,36.92,0.21,78.48,43.77
S4756,76.55,51.05,92.29,92.19,5.44,55.03,66.25
S4757,100.0,65.29,35.23,47.22,9.37,67.02,53.01
S4758,79.16,62.94,74.93,63.85,7.42,62.53,61.38
S4759,74.67,86.31,60.18,94.88,4.59,93.26,76.37
S4760,79.83,77.49,96.21,76.56,4.5,79.48,76.09
S4761,74.83,36.69,68.14,76.79,2.6,75.36,58.68
S4762,62.8,38.62,55.52,46.39,4.2,35.82,42.41
S4763,87.35,70.42,57.54,49.12,0.56,67.94,51.24
S4764,78.39,58.84,62.72,88.83,1.18,62.36,65.15
S4765,75.26,51.81,41.43,58.22,2.46,62.22,55.92
S4766,60.37,78.28,48.2,60.1,4.99,38.42,49.79
S4767,94.55,63.37,29.87,89.28,2.59,46.51,58.43
S4768,84.97,60.94,45.39,49.0,4.38,63.84,67.69
S4769,66.71,74.04,63.69,75.38,1.54,83.94,71.65
S4770,90.03,53.25,67.4,70.86,3.03,54.96,55.37
S4771,67.54,88.23,26.37,69.95,9.39,58.2,60.3
S4772,63.27,45.82,59.53,59.63,0.4,95.28,64.29
S4773,63.6,71.82,72.14,58.4,6.28,59.95,61.29
S4774,48.43,85.81,59.07,48.43,1.77,62.81,53.9
S4775,82.07,35.21,50.59,79.65,2.47,63.04,63.72
S4776,47.53,53.82,54.58,56.64,5.05,42.13,54.72
S4777,56.57,80.56,52.27,89.37,1.26,74.72,67.83
S4778,43.87,80.83,50.54,65.51,1.3,53.9,51.54
S4779,73.71,56.91,65.13,48.83,1.8,64.49,61.49
S4780,72.75,46.78,100.0,65.24,0.05,72.55,73.58
S4781,70.1,77.21,48.61,61.78,1.65,98.02,62.28
S4782,59.36,81.3,56.27,90.18,0.83,42.6,58.14
S4783,57.42,39.04,61.07,62.62,6.31,79.7,62.28
S4784,81.97,38.33,49.63,64.48,0.22,79.77,68.11
S4785,66.74,64.05,81.77,98.23,1.48,54.15,79.43
S4786,79.75,71.33,19.32,80.17,7.07,75.19,58.9
S4787,61.72,54.62,52.44,100.0,5.55,92.94,62.27
S4788,77.72,72.23,76.73,95.18,2.9,52.0,63.97
S4789,94.55,47.22,56.71,52.26,2.14,69.1,60.95
S4790,83.79,21.94,47.22,89.8,0.79,71.88,49.39
S4791,68.81,52.37,69.93,100.0,1.1,74.08,61.46
S4792,78.86,61.14,78.31,100.0,0.23,78.08,74.73
S4793,71.39,55.03,65.79,89.76,3.7,67.83,66.45
S4794,75.12,39.15,47.58,89.35,0.94,73.73,46.5
S4795,70.12,27.32,70.21,63.95,2.64,49.5,62.32
S4796,72.53,50.75,54.76,53.25,1.06,67.79,48.01
S4797,78.18,76.16,75.41,62.96,1.5,56.9,59.98
S4798,60.1,82.61,88.7,36.7,1.94,44.09,52.74
S4799,59.76,81.38,15.1,96.86,3.88,56.34,52.37
S4800,54.17,45.31,64.0,64.33,0.57,69.58,46.92
S4801,51.0,39.23,30.76,95.83,1.22,72.41,43.74
S4802,56.74,68.94,100.0,45.37,0.33,43.44,44.5
S4803,77.39,71.43,53.57,91.65,0.19,49.06,63.88
S4804,61.61,67.2,75.43,60.1,2.23,77.32,63.18
S4805,82.7,23.75,61.36,44.31,0.5,73.64,65.43
S4806,75.52,44.4,47.54,100.0,0.15,80.08,63.27
S4807,45.47,59.47,45.4,92.15,5.46,88.25,54.74
S4808,84.82,68.77,90.54,74.24,1.83,74.14,65.33
S4809,87.16,73.81,79.21,70.68,0.35,57.95,68.39
S4810,60.09,62.6,96.98,78.79,0.13,66.95,68.21
S4811,81.3,65.95,63.0,73.89,0.31,93.22,63.66
S4812,62.15,61.53,67.18,54.15,1.53,100.0,60.53
S4813,76.47,72.34,57.19,61.76,2.65,72.87,74.28
S4814,56.03,65.63,56.83,100.0,2.46,74.1,59.84
S4815,48.1,61.18,43.25,100.0,0.37,77.34,44.51
S4816,69.26,55.17,63.51,100.0,2.41,65.4,69.04
S4817,73.14,61.46,47.79,79.56,1.25,84.79,63.06
S4818,69.03,68.72,69.95,63.25,1.5,82.14,53.19
S4819,57.24,64.81,65.06,54.04,3.88,71.02,60.0
S4820,69.0,66.85,67.18,55.35,0.97,59.59,52.82
S4821,79.04,84.17,92.15,58.93,0.38,39.15,70.62
S4822,74.33,64.77,61.32,100.0,4.96,77.45,80.47
S4823,77.74,48.32,75.62,100.0,0.57,68.62,65.31
S4824,64.95,75.9,98.93,84.93,0.84,52.46,76.11
S4825,92.58,35.41,85.52,50.79,2.94,45.79,53.63
S4826,57.36,40.53,82.76,87.86,2.76,76.24,52.07
S4827,82.31,66.05,56.48,65.23,3.87,37.78,72.68
S4828,92.73,69.3,66.13,26.94,0.49,70.09,63.41
S4829,82.21,37.59,38.27,75.74,1.04,79.34,59.36
S4830,71.96,53.11,70.98,53.16,0.32,74.35,65.29
S4831,67.08,49.09,66.94,53.84,1.87,58.36,51.65
S4832,90.54,51.24,62.42,64.99,0.83,43.76,64.86
S4833,53.66,76.98,80.49,60.03,2.8,74.98,66.85
S4834,60.45,72.72,40.26,69.31,0.0,85.41,48.88
S4835,69.04,59.66,91.43,68.35,0.15,55.26,72.41
S4836,93.56,50.17,78.23,32.48,1.36,73.62,69.83
S4837,80.7,35.71,60.73,100.0,7.62,91.89,59.76
S4838,60.48,85.56,59.32,50.33,5.32,70.76,62.58
S4839,70.35,70.66,70.65,50.95,12.0,58.25,63.93
S4840,65.79,47.28,89.38,63.43,1.29,82.69,70.72
S4841,64.35,72.95,63.83,67.83,0.11,52.46,50.46
S4842,89.68,58.74,64.59,99.18,0.88,42.93,88.31
S4843,54.42,54.83,62.33,75.39,2.7,78.81,56.53
S4844,99.13,67.83,94.08,81.33,0.35,58.1,79.78
S4845,87.42,46.65,55.36,75.49,0.86,59.62,68.3
S4846,91.36,53.81,61.47,74.63,0.14,54.34,61.42
S4847,68.06,62.19,88.34,76.19,1.55,56.96,64.33
S4848,72.75,51.01,64.65,31.35,0.56,88.85,52.17
S4849,53.5,72.04,82.47,65.0,0.23,93.26,58.16
S4850,67.13,93.64,45.6,93.25,1.27,95.51,70.44
S4851,82.4,46.42,58.3,100.0,1.04,83.53,64.61
S4852,94.44,30.03,88.72,45.91,1.85,72.93,59.41
S4853,58.39,23.97,49.83,78.46,3.32,40.65,44.14
S4854,69.52,57.29,59.28,58.58,0.29,61.81,59.26
S4855,72.73,48.06,66.62,100.0,3.76,100.0,63.21
S4856,54.06,63.74,44.2,42.92,0.06,57.59,45.85
S4857,83.87,62.39,54.55,82.5,1.4,90.74,71.9
S4858,64.14,31.14,64.03,41.86,2.12,65.94,50.49
S4859,72.07,27.33,62.84,63.63,7.55,19.47,45.02
S4860,68.22,65.33,85.05,69.31,2.05,75.89,66.0
S4861,63.16,62.44,89.75,91.39,0.41,86.53,71.42
S4862,74.89,52.34,46.59,48.46,1.75,64.17,59.0
S4863,71.77,30.17,64.0,83.27,1.21,85.96,53.93
S4864,69.42,68.49,74.14,70.38,1.57,36.65,57.53
S4865,64.07,82.89,89.29,75.46,0.53,41.45,62.01
S4866,79.79,65.0,74.93,89.17,1.67,68.48,65.12
S4867,99.8,44.75,67.24,44.35,0.39,73.11,63.94
S4868,77.1,60.8,74.0,86.21,3.27,88.06,73.17
S4869,89.94,35.41,74.13,58.62,2.16,75.86,68.16
S4870,54.15,79.04,45.3,91.92,0.2,44.71,56.22
S4871,77.37,61.47,65.47,76.69,5.29,68.62,57.31
S4872,58.54,28.17,88.26,65.81,2.3,75.21,60.48
S4873,52.85,54.59,58.27,58.2,0.91,33.14,49.24
S4874,63.91,68.34,64.33,86.47,0.11,64.26,62.32
S4875,92.88,54.01,57.63,95.22,2.4,59.3,59.26
S4876,89.25,55.03,20.35,59.34,1.12,53.87,51.06
S4877,78.65,37.96,62.37,47.34,5.72,73.48,49.87
S4878,52.01,70.2,67.43,83.88,0.09,45.46,60.59
S4879,72.06,48.33,52.78,41.03,0.1,72.09,49.07
S4880,79.53,21.18,41.22,43.89,7.16,74.51,46.86
S4881,77.63,53.32,46.15,48.75,8.04,83.42,49.75
S4882,47.34,77.66,75.76,61.69,0.07,45.9,62.56
S4883,61.65,53.04,97.51,43.27,3.02,39.41,55.91
S4884,74.04,91.28,86.88,31.22,0.6,69.74,66.62
S4885,83.04,67.72,37.8,47.29,2.9,60.13,52.01
S4886,42.06,66.1,77.38,82.85,4.87,100.0,54.17
S4887,72.57,57.69,50.06,44.57,0.26,72.79,50.6
S4888,77.15,58.77,51.52,63.19,0.65,65.99,55.52
S4889,87.74,55.26,53.68,100.0,0.06,62.06,66.72
S4890,85.39,54.56,74.71,69.02,0.11,44.29,59.91
S4891,83.74,69.56,79.27,76.85,0.07,74.59,65.41
S4892,63.0,43.16,60.24,51.08,3.87,63.65,43.37
S4893,46.38,40.63,60.54,100.0,0.85,63.67,53.91
S4894,69.1,39.78,70.36,59.17,1.63,66.61,50.88
S4895,90.02,96.82,72.22,65.44,3.72,68.76,82.79
S4896,95.9,69.55,83.17,96.34,1.64,35.43,74.23
S4897,85.66,65.48,38.88,66.37,1.35,79.23,64.21
S4898,81.44,40.96,62.36,70.96,0.03,50.61,55.25
S4899,80.69,71.22,42.78,64.37,2.01,62.65,61.11
S4900,66.66,57.9,61.08,64.5,0.32,86.86,53.64
S4901,73.05,63.86,57.93,77.41,3.47,95.25,58.42
S4902,100.0,42.42,61.16,81.06,0.72,36.09,61.93
S4903,60.86,62.88,47.6,57.14,2.69,65.51,57.2
S4904,99.22,52.37,35.23,54.68,2.49,69.64,47.06
S4905,70.17,46.22,24.3,57.82,2.3,39.37,42.41
S4906,94.88,73.21,59.64,41.97,0.75,78.64,75.88
S4907,53.9,32.32,54.24,38.19,0.75,66.98,46.46
S4908,83.79,70.17,49.83,75.94,4.77,68.3,74.78
S4909,63.95,72.32,85.81,88.77,0.03,49.4,62.08
S4910,53.77,44.17,46.53,87.42,0.48,72.02,49.39
S4911,78.28,45.23,87.5,22.36,2.26,79.25,64.33
S4912,90.14,55.99,91.23,65.1,4.08,67.16,74.24
S4913,62.33,65.08,26.88,47.96,1.06,56.26,46.76
S4914,52.51,57.25,63.66,72.87,2.54,57.59,47.7
S4915,73.62,67.8,54.81,61.64,1.95,68.75,66.97
S4916,73.69,91.73,9.59,81.84,0.16,65.83,72.69
S4917,83.22,50.86,36.0,69.62,2.33,80.38,48.39
S4918,89.24,29.13,75.95,32.08,4.04,56.84,64.26
S4919,74.11,74.87,98.35,50.66,11.73,44.29,68.25
S4920,100.0,90.3,78.25,70.12,0.07,71.11,74.37
S4921,78.36,67.07,67.83,71.8,2.59,56.88,65.94
S4922,69.8,40.42,61.62,41.89,1.28,78.32,45.38
S4923,50.83,57.77,92.29,39.27,0.02,65.13,54.91
S4924,71.06,39.87,100.0,71.12,2.29,76.13,55.5
S4925,69.95,71.57,51.44,41.93,0.31,47.76,56.17
S4926,89.4,35.68,26.0,36.63,1.14,67.44,60.9
S4927,81.94,54.6,24.23,61.1,0.73,53.11,47.25
S4928,57.31,41.92,85.79,60.23,1.08,44.25,52.86
S4929,77.58,62.28,61.15,52.43,1.63,50.36,57.08
S4930,85.07,53.41,65.3,55.93,1.07,55.74,65.43
S4931,97.92,63.18,29.77,70.28,1.93,86.16,65.63
S4932,88.31,60.4,48.44,55.6,0.65,55.29,63.57
S4933,86.41,42.24,56.68,71.41,2.42,43.38,54.61
S4934,75.9,71.28,65.74,62.39,4.61,67.24,67.37
S4935,80.82,59.12,54.83,73.35,0.61,65.5,40.65
S4936,93.74,42.21,43.33,87.56,1.7,56.64,64.2
S4937,55.01,100.0,47.88,86.78,2.51,62.26,56.52
S4938,69.76,68.58,83.75,95.76,2.0,81.6,69.46
S4939,63.41,57.24,66.41,86.76,1.09,76.4,66.25
S4940,80.69,85.47,73.02,74.77,2.47,74.93,62.6
S4941,93.45,93.15,45.82,61.33,0.07,44.88,71.42
S4942,66.05,57.38,8.83,62.24,1.11,100.0,48.9
S4943,39.15,66.25,52.58,52.44,1.83,82.87,59.34
S4944,68.82,42.22,46.4,70.09,0.05,73.79,47.43
S4945,88.7,57.35,68.28,83.95,1.7,45.21,54.39
S4946,83.06,56.42,100.0,55.49,2.55,81.11,69.58
S4947,81.42,63.33,74.51,69.26,3.42,56.48,69.19
S4948,70.8,65.99,100.0,56.45,0.29,61.7,69.71
S4949,55.81,70.08,72.24,74.19,11.19,36.43,55.97
S4950,82.73,64.28,50.66,59.01,2.24,43.89,48.28
S4951,62.49,38.21,68.26,55.21,1.08,72.46,51.11
S4952,100.0,43.11,94.05,56.4,0.69,82.11,72.54
S4953,83.56,50.16,94.93,80.07,2.04,76.64,73.4
S4954,66.29,54.92,51.64,68.07,5.12,76.06,67.7
S4955,65.83,78.91,66.56,61.43,1.76,63.9,59.8
S4956,73.61,39.07,36.27,75.23,2.6,58.09,40.79
S4957,71.41,53.57,76.84,61.71,1.06,69.91,67.89
S4958,91.75,77.15,89.96,92.53,1.18,78.96,79.9
S4959,77.8,54.6,62.72,50.52,0.81,65.08,59.1
S4960,64.03,68.29,49.99,66.26,2.94,85.57,64.23
S4961,100.0,57.49,68.48,41.9,1.07,61.34,70.73
S4962,75.74,64.62,69.51,63.06,0.51,48.34,60.17
S4963,86.53,55.89,63.46,36.41,1.11,64.82,65.06
S4964,65.88,72.01,65.22,84.93,4.62,66.8,68.95
S4965,80.45,32.19,58.87,85.33,3.22,63.61,55.16
S4966,79.67,53.46,79.93,85.68,0.98,86.77,67.21
S4967,46.66,65.34,75.25,70.58,5.7,78.69,64.79
S4968,100.0,69.61,44.3,52.4,0.19,40.67,55.55
S4969,94.36,86.87,43.81,53.99,0.12,91.08,72.31
S4970,69.04,52.96,57.42,100.0,0.33,18.4,57.29
S4971,58.47,86.63,75.26,98.71,0.3,100.0,74.24
S4972,80.21,48.14,64.67,72.45,0.22,60.12,68.25
S4973,76.3,83.92,50.42,59.69,2.6,61.78,64.51
S4974,80.34,74.71,66.71,97.37,2.2,63.98,70.9
S4975,77.87,43.56,56.05,56.11,2.5,71.55,55.72
S4976,82.59,65.53,77.85,74.58,2.8,65.0,67.6
S4977,96.71,59.08,68.0,97.04,3.39,62.73,73.99
S4978,83.52,71.26,56.32,53.27,0.56,87.25,71.57
S4979,59.26,55.98,66.17,86.58,2.34,74.62,57.19
S4980,95.44,54.47,85.67,80.41,2.08,48.7,65.74
S4981,99.61,84.64,51.75,69.21,6.9,77.59,81.48
S4982,100.0,58.22,69.25,50.13,0.63,73.91,62.33
S4983,58.15,74.88,60.73,55.51,0.15,55.73,56.93
S4984,78.64,55.94,69.69,75.79,2.54,78.47,61.72
S4985,43.77,90.0,50.22,41.53,3.23,62.32,42.99
S4986,83.3,47.79,63.99,72.61,0.8,61.23,61.78
S4987,66.78,48.95,81.94,80.82,2.03,60.77,68.78
S4988,100.0,87.44,45.13,89.7,0.15,23.72,67.04
S4989,63.38,51.99,38.07,42.03,7.73,56.05,40.74
S4990,49.66,88.82,38.75,96.32,0.28,77.12,60.89
S4991,67.93,76.05,40.93,100.0,0.17,64.62,57.39
S4992,45.37,57.22,72.72,78.2,0.11,43.15,37.71
S4993,86.27,27.36,36.69,49.24,1.34,81.4,50.09
S4994,44.02,59.65,56.64,63.44,0.25,59.92,53.0
S4995,75.43,61.83,73.13,69.05,3.28,44.23,69.33
S4996,43.83,81.01,69.5,75.41,5.5,100.0,75.66
S4997,70.2,88.59,55.06,70.44,0.72,47.1,65.82
S4998,99.65,47.67,65.44,75.62,2.38,79.95,73.66
S4999,80.41,74.42,63.93,68.19,0.1,51.92,55.54
S5000,62.05,73.78,57.96,75.3,1.17,67.31,70.2
S5001,74.53,79.32,58.2,60.79,0.83,49.66,68.24
S5002,75.27,68.98,100.0,63.24,0.62,43.93,64.6
S5003,82.09,25.04,76.57,58.48,2.48,73.88,62.33
S5004,54.5,57.2,100.0,100.0,0.33,71.89,70.91
S5005,83.89,39.2,53.05,99.28,4.73,84.46,73.95
S5006,34.43,56.35,60.47,81.11,2.62,64.42,50.99
S5007,65.55,77.64,38.02,96.51,2.98,100.0,61.01
S5008,67.68,65.49,47.43,85.97,6.57,69.56,59.7
S5009,84.5,80.67,96.23,73.63,6.85,74.64,83.82
S5010,75.34,66.15,52.6,39.89,1.93,41.91,42.2
S5011,53.92,36.63,96.55,64.76,1.64,54.56,38.12
S5012,60.23,14.62,39.62,63.3,0.98,73.83,48.64
S5013,77.98,62.68,43.04,47.34,3.02,63.57,57.25
S5014,73.81,56.15,55.86,40.28,1.85,68.19,54.75
S5015,66.31,42.41,60.85,79.85,6.48,51.12,49.73
S5016,67.79,29.39,78.62,76.49,0.65,67.07,46.8
S5017,85.44,46.77,70.11,46.65,0.89,67.02,55.08
S5018,67.23,56.5,54.51,55.08,0.91,44.93,54.39
S5019,73.68,71.99,59.6,93.22,3.94,75.92,64.77
S5020,100.0,63.4,56.26,52.45,0.25,36.1,65.93
S5021,53.64,88.95,45.54,73.42,1.46,68.13,53.14
S5022,47.22,41.36,46.02,66.2,1.34,95.02,46.27
S5023,86.75,75.86,80.5,80.13,0.18,76.57,76.95
S5024,64.82,60.85,29.09,52.88,1.27,76.46,48.15
S5025,70.23,72.5,91.11,71.8,1.73,49.74,64.92
S5026,63.28,52.14,55.83,73.37,0.16,95.07,54.15
S5027,71.1,79.29,48.09,74.6,1.71,88.4,59.17
S5028,98.98,65.31,75.32,71.58,7.68,50.66,74.64
S5029,87.03,47.77,88.73,76.89,9.26,56.93,73.82
S5030,87.93,59.78,82.12,100.0,1.82,86.33,76.27
S5031,53.76,55.69,71.03,100.0,1.74,95.53,60.51
S5032,57.73,68.81,81.56,57.22,0.81,43.5,56.63
S5033,32.41,38.76,31.1,23.64,12.0,47.94,45.99
S5034,62.86,59.47,52.61,81.91,0.77,62.56,48.53
S5035,89.35,67.12,45.6,73.73,1.45,28.09,70.79
S5036,82.75,60.59,84.04,91.22,0.01,65.32,70.43
S5037,71.68,84.24,55.1,75.7,1.03,85.16,65.09
S5038,74.67,73.93,77.22,71.17,0.18,40.54,69.44
S5039,64.67,59.87,71.65,92.58,3.27,67.16,52.3
S5040,78.07,63.9,46.48,95.38,1.98,55.11,70.68
S5041,86.49,65.32,51.43,42.27,2.04,92.88,72.77
S5042,50.76,67.26,85.29,53.67,0.81,55.31,63.71
S5043,79.49,27.14,48.04,67.89,4.05,90.82,43.59
S5044,88.99,54.57,64.25,71.97,0.01,54.84,66.88
S5045,68.77,33.28,47.91,65.48,0.97,78.11,61.43
S5046,85.51,83.01,56.35,78.68,2.59,69.28,78.53
S5047,100.0,58.9,61.17,89.92,5.72,62.65,63.18
S5048,73.43,56.52,47.91,100.0,0.64,51.56,65.82
S5049,80.9,76.14,44.71,81.58,1.87,70.49,75.39
S5050,63.93,67.6,67.15,52.95,1.85,57.51,57.73
S5051,77.72,39.68,46.79,67.05,4.97,53.27,45.88
S5052,81.9,58.72,47.41,68.49,0.12,90.04,66.01
S5053,77.92,53.97,45.1,80.29,1.33,74.31,65.75
S5054,59.7,28.6,60.6,77.76,0.48,75.94,51.43
S5055,78.1,47.58,78.99,100.0,0.05,58.34,58.55
S5056,96.93,56.7,89.12,60.77,0.38,61.84,74.78
S5057,81.73,57.93,48.93,77.7,9.0,60.77,59.42
S5058,89.43,33.32,100.0,100.0,0.58,70.73,73.77
S5059,71.44,80.73,43.92,58.3,6.56,75.91,71.76
S5060,86.25,58.16,81.5,72.9,0.55,64.49,57.2
S5061,79.19,60.68,49.01,51.1,6.43,51.53,63.21
S5062,60.74,67.21,46.32,71.64,2.55,77.93,56.47
S5063,79.78,45.81,48.59,54.4,0.29,65.57,52.6
S5064,60.12,68.21,61.06,90.94,2.09,40.51,62.71
S5065,65.51,53.39,72.44,72.95,0.92,28.7,51.19
S5066,77.84,43.86,74.06,51.29,1.16,70.06,51.27
S5067,79.46,70.32,45.01,86.81,1.39,50.9,51.03
S5068,57.16,86.85,44.19,73.59,1.32,72.33,66.82
S5069,90.81,73.05,45.5,89.06,2.62,51.81,64.03
S5070,83.58,76.61,60.0,47.05,3.51,67.26,67.18
S5071,64.43,50.63,58.22,77.38,0.96,58.57,52.91
S5072,51.94,31.24,44.9,85.47,6.2,94.78,46.64
S5073,72.83,86.82,66.85,61.53,6.69,81.16,73.55
S5074,68.31,96.98,100.0,44.82,0.1,87.9,74.0
S5075,76.7,87.77,52.92,69.17,0.04,65.41,62.82
S5076,69.55,53.96,54.2,94.56,1.33,78.98,63.58
S5077,44.89,39.22,72.07,92.52,2.14,66.56,49.32
S5078,69.17,40.82,51.94,61.43,0.78,89.98,60.81
S5079,70.42,29.69,74.04,44.34,0.72,63.77,59.49
S5080,84.5,58.07,49.07,61.38,2.72,41.24,61.8
S5081,64.53,88.9,94.98,60.63,2.21,31.02,63.98
S5082,100.0,57.45,68.21,78.93,0.44,93.36,71.88
S5083,46.33,65.44,50.84,67.9,5.18,73.13,64.34
S5084,94.67,84.76,51.4,54.93,2.73,74.25,75.62
S5085,71.64,52.73,52.75,92.09,1.08,90.32,74.35
S5086,87.89,96.64,86.71,72.81,2.76,36.92,69.95
S5087,76.2,95.86,39.16,78.71,0.29,58.9,58.67
S5088,92.09,57.64,49.98,35.5,1.52,60.99,57.53
S5089,69.19,49.6,51.89,21.51,0.44,77.62,51.25
S5090,58.52,72.55,61.72,41.25,0.1,53.23,52.19
S5091,96.31,53.74,57.12,60.39,0.99,44.58,57.92
S5092,73.3,39.18,35.16,81.53,0.39,44.42,57.66
S5093,78.32,83.06,54.8,23.16,2.41,84.54,59.74
S5094,93.52,81.9,60.21,100.0,2.69,52.38,66.09
S5095,59.52,62.8,50.69,73.41,0.39,55.62,47.75
S5096,83.93,37.27,74.36,97.21,0.06,75.79,66.98
S5097,66.15,37.87,78.55,52.28,3.78,53.12,72.88
S5098,73.02,61.93,60.59,80.08,0.0,36.02,52.52
S5099,76.08,51.0,66.15,71.7,1.01,38.11,55.63
S5100,52.5,53.86,23.1,86.35,1.64,64.03,63.12
S5101,63.32,78.4,54.42,65.32,4.1,73.45,58.68
S5102,95.27,73.2,80.09,79.46,4.38,61.56,77.47
S5103,88.29,84.81,54.38,92.04,3.1,72.32,83.75
S5104,74.06,42.17,48.73,56.98,0.68,37.58,43.63
S5105,78.65,53.82,100.0,74.84,3.06,38.73,65.2
S5106,70.59,73.66,94.74,32.24,0.68,100.0,63.6
S5107,95.35,68.07,70.42,84.05,0.58,85.96,63.92
S5108,71.99,87.58,82.5,100.0,1.9,78.07,85.19
S5109,78.48,67.57,21.93,45.11,2.73,53.78,47.52
S5110,92.19,93.27,47.82,68.17,0.13,60.95,62.39
S5111,63.34,69.72,53.54,87.61,0.15,64.97,57.53
S5112,98.38,79.12,57.75,70.63,3.68,87.34,78.71
S5113,52.04,54.18,53.18,73.3,4.71,71.85,55.69
S5114,99.44,60.26,16.1,62.18,2.23,73.94,53.22
S5115,69.41,76.4,68.95,61.44,1.34,62.15,64.98
S5116,71.36,89.03,71.79,68.27,4.48,78.48,75.21
S5117,46.65,73.13,90.83,70.83,3.13,70.14,63.52
S5118,68.18,58.5,47.81,46.37,2.08,65.75,51.47
S5119,59.4,84.79,46.34,68.68,0.92,52.37,63.17
S5120,65.89,20.54,13.76,100.0,0.53,63.07,43.83
S5121,72.94,34.4,56.72,61.62,1.3,46.65,60.67
S5122,89.37,72.27,78.22,45.25,0.81,64.32,61.52
S5123,78.11,60.25,50.99,66.97,0.99,66.51,54.29
S5124,79.62,70.9,100.0,55.71,1.74,24.12,60.3
S5125,58.57,61.16,57.38,43.23,0.44,61.08,49.73
S5126,61.79,70.28,64.65,72.78,3.94,45.01,59.83
S5127,100.0,45.34,37.46,55.79,0.38,73.48,49.51
S5128,63.97,70.27,67.17,57.51,1.57,75.83,61.06
S5129,99.84,77.9,26.37,73.07,3.29,57.75,67.59
S5130,71.35,81.97,74.49,39.34,1.59,74.33,54.47
S5131,75.03,96.24,75.04,35.17,1.07,75.05,63.21
S5132,91.06,64.39,86.47,83.42,1.55,61.09,75.74
S5133,94.08,64.93,43.64,31.38,4.53,91.08,54.78
S5134,73.34,32.58,64.89,50.47,11.16,52.67,54.35
S5135,69.18,50.43,72.15,34.0,2.39,90.01,63.64
S5136,74.16,56.52,69.96,60.28,3.79,61.17,71.66
S5137,80.07,78.91,46.42,78.56,0.04,50.66,64.59
S5138,88.37,49.0,18.94,72.25,5.1,59.02,53.95
S5139,75.06,74.33,68.25,100.0,7.39,46.31,67.6
S5140,84.28,59.97,59.26,91.74,2.05,78.34,73.0
S5141,99.58,56.81,51.8,51.38,3.36,37.75,66.58
S5142,80.72,64.48,75.75,46.06,1.73,88.62,57.92
S5143,79.67,52.96,61.19,100.0,0.81,49.09,68.53
S5144,52.22,52.28,38.25,91.25,4.59,79.22,51.42
S5145,35.54,29.31,27.23,81.79,2.18,65.41,34.94
S5146,80.83,55.54,41.68,71.5,2.08,69.6,57.45
S5147,73.58,51.36,100.0,75.47,2.58,54.97,72.73
S5148,67.28,50.71,75.01,40.36,4.65,71.0,59.3
S5149,78.65,67.5,65.4,73.14,3.16,67.29,67.22
S5150,74.09,71.86,58.73,71.42,0.57,40.22,61.78
S5151,91.92,64.18,57.55,51.92,1.51,48.64,63.54
S5152,76.29,77.92,83.01,59.23,9.42,55.8,69.75
S5153,63.8,70.36,53.17,100.0,1.94,52.17,65.63
S5154,89.85,54.69,72.38,67.5,6.68,86.3,66.02
S5155,71.74,51.67,55.73,100.0,4.03,65.12,66.85
S5156,82.9,65.63,96.92,35.19,2.63,51.76,70.15
S5157,67.84,70.33,75.36,59.56,1.03,56.66,65.41
S5158,65.25,85.16,84.42,39.05,0.87,56.42,66.67
S5159,76.26,81.44,51.48,45.81,2.47,60.1,62.56
S5160,75.19,50.25,81.05,53.44,1.36,46.72,65.47
S5161,82.2,58.16,56.37,76.31,3.85,51.16,48.31
S5162,70.97,72.08,63.98,75.34,3.43,78.03,70.9
S5163,47.45,79.22,91.43,56.41,0.9,68.15,73.57
S5164,68.51,76.9,43.23,25.44,2.91,62.41,48.94
S5165,86.91,58.85,65.66,99.55,1.64,65.04,64.48
S5166,70.54,37.43,69.88,64.28,0.94,64.23,63.35
S5167,71.3,42.02,71.36,47.67,1.28,61.44,48.88
S5168,89.8,64.91,53.89,75.5,5.42,73.79,63.62
S5169,64.32,66.16,99.55,74.09,1.07,72.53,69.14
S5170,51.86,40.22,38.69,63.55,0.81,38.28,37.72
S5171,72.59,60.8,88.26,72.97,1.04,62.76,70.95
S5172,67.74,71.36,83.87,46.9,0.58,39.4,54.5
S5173,60.51,39.28,96.22,85.2,1.89,75.8,65.69
S5174,72.37,79.89,33.41,50.06,0.38,78.05,57.97
S5175,82.37,53.2,46.36,57.89,4.08,54.62,66.68
S5176,74.86,82.64,88.85,82.98,0.61,63.02,79.06
S5177,79.6,50.4,28.21,94.08,2.19,29.11,50.56
S5178,100.0,41.52,33.08,100.0,0.32,81.54,55.65
S5179,69.86,51.75,53.21,91.12,9.21,77.06,69.46
S5180,79.18,58.29,65.46,63.52,1.45,84.55,59.33
S5181,67.36,53.01,90.66,39.18,4.14,90.27,60.54
S5182,62.3,56.11,58.67,98.1,3.51,44.19,53.06
S5183,66.23,66.01,51.05,97.41,3.0,80.1,68.17
S5184,67.82,56.92,67.61,56.56,4.22,90.15,57.59
S5185,80.39,58.81,70.45,88.42,0.25,39.59,63.09
S5186,100.0,29.23,69.94,63.36,2.72,62.09,61.79
S5187,64.26,67.05,58.8,100.0,0.74,58.82,63.59
S5188,68.75,58.39,26.81,59.7,3.7,79.54,56.96
S5189,74.05,88.99,45.48,100.0,7.54,24.3,65.15
S5190,80.94,43.09,87.56,85.72,5.56,95.87,67.14
S5191,78.95,27.45,65.37,100.0,0.29,63.09,48.6
S5192,94.26,71.13,56.19,60.72,1.11,80.57,67.36
S5193,38.6,66.24,82.13,78.1,1.09,63.98,57.04
S5194,39.2,41.85,41.66,50.61,0.31,73.37,37.32
S5195,67.56,32.46,57.94,86.88,0.25,25.54,51.06
S5196,91.46,87.67,64.48,87.98,1.17,58.46,78.06
S5197,51.52,85.45,54.06,100.0,11.61,79.41,76.2
S5198,30.0,15.23,63.81,79.64,2.02,69.91,34.04
S5199,83.57,51.75,58.62,84.48,2.33,37.17,58.36
S5200,78.65,89.96,36.81,60.58,1.53,66.04,67.24
S5201,58.65,51.43,65.27,80.83,2.61,51.08,66.11
S5202,60.22,51.17,38.09,62.4,7.53,49.61,46.09
S5203,60.45,54.91,64.98,72.32,2.13,39.15,63.19
S5204,76.66,39.82,86.73,73.49,0.16,75.52,55.03
S5205,65.61,29.31,56.94,62.95,1.63,83.92,59.19
S5206,82.41,78.95,40.91,71.26,11.82,100.0,69.49
S5207,32.18,26.83,59.71,62.49,1.18,39.94,48.69
S5208,62.15,64.45,47.02,62.41,2.16,78.05,53.29
S5209,58.11,75.96,72.7,91.53,0.27,79.16,64.18
S5210,71.15,33.88,59.34,73.51,0.37,55.13,52.35
S5211,66.93,43.36,92.78,76.94,4.98,49.4,53.71
S5212,86.97,81.84,82.93,40.85,0.86,46.54,55.33
S5213,47.11,69.59,59.24,78.47,0.87,56.03,58.42
S5214,75.68,48.89,74.88,80.61,1.18,68.44,69.13
S5215,83.38,81.64,54.92,62.03,8.15,88.12,73.99
S5216,100.0,81.72,62.61,100.0,0.21,83.79,69.83
S5217,67.77,64.84,55.49,24.22,4.1,37.54,53.33
S5218,79.87,43.8,75.8,85.69,1.0,51.59,56.46
S5219,47.94,52.56,87.79,84.26,4.54,87.09,66.12
S5220,39.12,65.15,76.38,80.83,11.52,52.57,68.01
S5221,87.67,56.61,78.59,73.52,1.03,64.03,69.11
S5222,74.92,76.9,78.61,81.01,0.33,36.01,74.56
S5223,92.68,32.46,71.92,87.36,0.37,84.6,64.9
S5224,54.4,33.1,41.49,55.48,3.41,32.48,40.5
S5225,82.8,63.26,92.62,75.98,0.38,37.07,67.57
S5226,100.0,51.15,94.48,66.33,0.72,82.86,64.67
S5227,81.3,48.71,57.79,48.12,0.55,97.64,56.46
S5228,79.15,28.17,55.33,84.34,1.05,60.06,53.78
S5229,75.13,60.35,73.02,58.71,0.19,64.2,59.07
S5230,51.44,59.05,71.91,40.04,4.66,80.44,57.04
S5231,95.33,71.76,58.36,59.22,4.72,69.92,59.21
S5232,65.84,61.24,39.5,54.02,1.28,58.66,44.34
S5233,82.57,57.61,67.5,90.57,2.27,56.75,72.85
S5234,51.55,81.19,71.93,73.06,2.47,38.36,47.5
S5235,57.31,36.38,75.06,97.65,3.32,68.96,63.52
S5236,96.53,69.66,68.29,56.67,1.76,63.44,65.21
S5237,69.79,29.92,57.12,87.48,1.71,57.56,55.55
S5238,96.8,44.91,79.89,100.0,2.39,47.97,79.5
S5239,73.83,38.17,63.19,77.12,2.91,49.69,55.94
S5240,47.37,74.07,53.63,87.23,1.02,75.51,62.28
S5241,88.38,58.82,58.75,83.87,0.96,79.99,67.02
S5242,66.15,59.76,30.57,41.56,0.75,59.44,46.5
S5243,85.48,40.08,58.72,81.72,1.91,57.65,58.71
S5244,75.38,54.61,74.39,76.13,1.07,50.49,65.85
S5245,51.85,46.26,68.12,64.81,1.87,80.93,50.19
S5246,77.46,66.9,89.37,52.32,1.25,65.53,58.85
S5247,100.0,42.16,57.27,83.88,4.35,71.25,67.21
S5248,82.39,83.94,70.77,50.55,0.18,71.09,67.48
S5249,74.14,29.84,76.27,100.0,2.04,59.77,50.81
S5250,91.13,45.48,100.0,72.28,2.06,45.19,68.21
S5251,78.16,90.19,64.61,45.53,1.16,48.07,55.36
S5252,78.14,52.17,43.2,59.72,1.31,84.17,60.4
S5253,58.63,36.33,77.26,64.44,3.86,52.66,43.42
S5254,78.51,63.94,95.58,100.0,0.79,58.02,84.28
S5255,90.53,51.44,56.19,52.31,4.92,45.72,57.01
S5256,62.46,44.95,77.14,67.68,5.44,44.33,52.15
S5257,96.37,40.27,84.12,59.24,2.52,51.92,62.61
S5258,73.62,100.0,80.31,79.99,3.56,93.7,80.95
S5259,61.68,55.47,64.26,59.56,2.28,76.19,62.4
S5260,89.96,25.34,49.43,47.22,1.79,56.04,49.38
S5261,70.7,86.89,60.54,66.09,8.16,83.41,60.86
S5262,86.39,71.0,70.25,64.01,0.8,62.41,58.82
S5263,70.62,46.2,78.35,58.16,0.4,88.02,62.01
S5264,74.1,43.2,68.01,59.22,0.81,100.0,65.98
S5265,82.4,72.12,55.16,93.69,2.29,82.48,76.21
S5266,79.36,55.56,72.0,63.61,0.49,66.61,62.81
S5267,45.07,25.33,77.48,47.32,5.75,76.89,55.29
S5268,58.18,92.17,68.83,60.76,1.27,65.26,74.49
S5269,88.94,52.19,46.95,71.09,4.55,33.79,65.52
S5270,73.02,86.92,58.73,43.27,0.69,53.87,65.14
S5271,67.14,83.01,79.06,100.0,0.9,48.82,64.69
S5272,54.62,41.98,37.11,87.35,0.15,53.49,53.77
S5273,58.8,78.6,24.32,98.6,0.72,95.49,62.75
S5274,44.67,48.27,89.15,77.84,1.62,84.08,63.45
S5275,73.48,26.4,71.21,28.13,7.01,72.5,60.43
S5276,66.02,52.36,72.92,100.0,1.18,78.81,67.18
S5277,60.5,67.16,42.62,52.73,2.45,32.83,48.88
S5278,73.98,51.67,75.28,54.36,1.34,77.38,54.03
S5279,80.46,54.47,66.95,73.13,0.12,80.97,61.75
S5280,100.0,80.58,33.48,97.56,1.68,26.92,67.26
S5281,52.32,61.92,87.64,91.07,0.16,78.01,66.2
S5282,92.39,44.82,64.86,88.13,5.16,40.79,66.38
S5283,89.6,72.64,54.87,63.76,3.36,31.51,68.05
S5284,63.31,63.56,55.2,63.45,1.14,87.55,63.61
S5285,78.05,14.61,25.73,76.92,2.45,47.88,44.76
S5286,68.14,67.71,72.68,67.4,0.29,52.83,55.56
S5287,77.79,67.05,66.71,87.79,2.91,81.82,71.31
S5288,97.64,60.36,58.51,86.6,4.15,59.81,82.71
S5289,84.08,76.05,85.01,81.83,4.14,61.94,75.7
S5290,82.63,47.9,37.09,19.48,0.8,61.56,45.36
S5291,68.55,66.06,51.26,72.56,0.73,70.91,62.16
S5292,52.74,31.79,46.7,67.82,1.77,61.15,49.63
S5293,71.87,67.33,56.98,73.36,8.24,66.94,68.16
S5294,93.1,95.16,63.21,54.91,6.08,56.44,80.11
S5295,52.09,42.09,69.74,43.5,1.07,70.98,51.86
S5296,59.17,46.32,55.75,79.26,3.63,70.34,63.9
S5297,76.89,47.22,46.21,62.87,6.1,97.26,61.5
S5298,60.23,62.34,92.35,81.49,0.73,58.52,73.51
S5299,63.11,40.87,100.0,56.58,4.26,61.87,67.99
S5300,68.65,67.58,64.58,98.32,0.75,69.06,71.15
S5301,54.52,75.24,48.38,90.02,1.01,81.4,65.24
S5302,60.39,69.62,88.56,75.94,0.53,46.44,76.84
S5303,85.55,28.17,35.96,65.73,1.7,66.76,58.06
S5304,55.39,77.91,55.97,87.05,4.45,22.37,53.05
S5305,51.03,76.87,49.47,77.85,1.8,60.38,58.12
S5306,65.55,74.94,41.13,74.77,0.32,83.24,57.71
S5307,85.98,66.71,56.96,90.86,0.7,52.66,77.86
S5308,72.05,63.96,46.44,98.53,1.99,68.01,70.18
S5309,68.03,78.58,62.23,44.95,2.1,56.01,70.76
S5310,75.67,94.62,62.49,48.99,2.06,50.39,59.2
S5311,48.81,42.85,50.82,54.39,0.19,81.52,53.95
S5312,82.42,79.41,55.33,39.95,3.36,47.23,51.76
S5313,80.75,58.45,57.84,68.75,5.76,69.98,54.09
S5314,68.86,57.67,76.58,82.0,1.71,70.24,61.86
S5315,90.09,32.34,59.33,69.57,3.05,50.52,66.94
S5316,58.09,54.87,76.84,59.32,5.89,67.65,53.52
S5317,91.92,42.05,72.54,92.53,2.47,49.11,65.82
S5318,77.32,51.65,72.29,72.81,2.69,73.87,70.9
S5319,69.95,40.23,86.98,76.86,3.07,42.65,65.34
S5320,74.7,51.92,41.85,93.08,0.72,59.23,70.97
S5321,73.39,52.69,53.48,67.54,2.1,60.7,56.85
S5322,93.3,61.74,93.74,100.0,4.43,83.92,77.38
S5323,58.85,30.93,57.37,61.04,0.84,67.38,42.12
S5324,63.56,33.98,11.33,100.0,5.46,81.24,48.6
S5325,90.54,66.51,58.35,50.51,2.32,74.43,57.17
S5326,66.07,45.65,64.43,80.35,1.32,74.32,47.9
S5327,88.51,79.34,14.89,57.15,2.34,59.36,68.43
S5328,100.0,64.05,86.01,92.39,1.23,82.36,78.02
S5329,68.97,70.92,49.15,60.44,4.37,58.95,73.95
S5330,85.22,85.39,67.91,75.82,1.58,35.59,62.65
S5331,57.69,54.43,57.93,56.99,5.56,61.35,51.78
S5332,86.32,49.66,38.81,88.74,1.71,72.71,56.06
S5333,77.99,75.69,42.73,56.88,2.59,37.69,52.93
S5334,82.1,69.17,45.17,100.0,12.0,49.95,74.63
S5335,65.32,56.63,81.54,50.08,0.38,44.08,59.47
S5336,50.08,85.05,59.34,43.09,3.2,78.37,62.55
S5337,82.55,56.18,52.61,89.03,0.36,93.44,73.33
S5338,44.05,60.59,45.18,58.17,4.38,61.44,55.87
S5339,70.24,60.38,83.53,69.86,2.18,74.04,59.26
S5340,89.12,43.18,88.36,63.56,6.68,73.59,65.68
S5341,77.88,61.4,83.33,43.75,4.82,91.41,67.26
S5342,100.0,85.14,70.86,68.46,0.19,53.91,94.32
S5343,90.38,68.01,67.22,95.3,0.35,61.26,74.87
S5344,65.19,60.56,40.11,90.06,2.21,59.21,57.61
S5345,75.41,57.09,57.58,74.64,1.75,66.28,64.52
S5346,74.29,65.96,49.69,92.25,0.44,100.0,62.14
S5347,51.27,73.5,29.14,48.81,0.33,65.52,48.96
S5348,60.89,70.97,81.03,63.49,1.99,50.47,66.92
S5349,66.59,54.03,49.48,77.92,0.12,45.37,53.46
S5350,44.46,65.85,83.53,67.39,4.97,86.29,57.67
S5351,75.71,68.64,77.87,65.06,3.95,50.39,64.54
S5352,71.26,41.87,72.02,45.99,3.69,76.28,55.05
S5353,49.91,63.03,73.03,28.37,0.04,53.45,41.17
S5354,81.06,21.1,50.92,86.36,0.12,43.47,48.6
S5355,85.74,68.69,95.44,74.86,1.92,75.29,65.62
S5356,78.41,71.89,62.78,88.04,12.0,54.28,63.75
S5357,70.14,73.46,67.43,61.26,1.01,72.23,55.78
S5358,83.87,52.89,50.32,55.74,1.01,73.49,63.55
S5359,85.2,65.56,45.24,70.13,0.35,74.29,70.52
S5360,79.61,85.63,70.59,87.08,2.69,60.44,62.38
S5361,62.63,85.45,65.92,65.37,2.5,76.67,74.13
S5362,79.15,59.47,47.79,86.04,0.26,49.32,52.45
S5363,92.93,62.51,36.11,49.87,1.51,23.28,58.0
S5364,66.05,80.0,39.14,66.77,2.64,77.02,60.93
S5365,100.0,32.99,83.53,68.6,1.63,67.82,70.01
S5366,67.12,54.18,50.96,94.53,2.69,54.63,51.8
S5367,75.49,84.04,55.9,74.15,4.07,39.99,53.14
S5368,64.91,77.55,88.11,100.0,2.78,30.38,63.97
S5369,78.35,66.65,41.8,43.05,2.3,65.88,58.03
S5370,48.87,32.9,48.91,72.6,4.61,93.03,62.82
S5371,66.81,59.1,48.16,73.59,5.54,62.64,52.05
S5372,58.62,49.38,91.13,82.4,1.18,58.86,61.0
S5373,77.03,65.96,97.88,53.73,0.46,64.59,62.28
S5374,89.92,45.43,75.53,100.0,4.09,100.0,73.61
S5375,84.69,41.54,76.1,70.26,0.58,77.78,51.72
S5376,39.43,22.83,51.55,48.26,6.35,49.13,49.05
S5377,100.0,81.99,97.05,69.68,0.06,65.48,77.98
S5378,79.43,52.8,66.82,63.74,6.1,70.65,68.96
S5379,63.35,62.83,77.36,100.0,2.14,47.04,63.25
S5380,77.36,59.96,60.1,91.0,3.58,77.91,67.72
S5381,77.64,40.79,57.18,70.99,1.22,51.1,62.14
S5382,65.0,37.34,91.93,67.76,11.5,39.31,62.74
S5383,77.97,41.9,71.72,89.02,0.62,66.29,63.51
S5384,65.89,46.98,88.12,89.98,0.74,63.6,58.96
S5385,68.93,66.6,66.6,11.77,0.13,64.98,48.99
S5386,64.71,45.68,46.73,82.86,6.77,52.0,49.6
S5387,53.51,91.44,51.5,70.56,1.46,54.37,54.29
S5388,77.19,78.49,63.85,43.78,2.7,84.18,71.61
S5389,83.78,74.55,50.72,87.6,2.79,72.5,78.64
S5390,82.72,57.85,42.07,100.0,4.98,48.74,55.54
S5391,87.3,87.26,83.63,81.14,2.62,31.84,75.04
S5392,79.87,56.08,52.19,92.01,1.98,49.45,59.45
S5393,67.01,59.44,64.49,100.0,2.97,67.67,73.17
S5394,87.59,63.06,67.33,53.39,3.34,54.26,63.89
S5395,54.64,72.63,51.41,32.85,0.49,52.94,48.89
S5396,61.49,71.46,88.11,83.14,0.28,54.98,60.93
S5397,60.54,51.45,41.89,65.05,0.19,63.76,40.84
S5398,91.2,50.41,66.71,42.52,1.12,78.34,65.56
S5399,89.14,71.52,66.43,68.44,1.65,64.99,69.58
S5400,82.31,72.87,61.02,84.55,2.29,66.05,70.06
S5401,91.08,52.92,38.66,67.02,7.61,61.18,57.46
S5402,61.81,31.43,77.67,54.26,0.96,56.51,50.67
S5403,80.23,56.27,75.38,65.53,3.43,80.2,70.7
S5404,73.12,71.22,49.84,69.61,1.82,77.62,67.5
S5405,87.7,92.5,74.73,31.41,0.6,99.77,63.29
S5406,73.27,38.44,68.75,67.14,2.29,75.38,54.71
S5407,69.23,52.32,38.95,43.11,8.2,56.53,43.44
S5408,83.11,52.99,46.63,83.18,0.32,49.62,59.51
S5409,88.14,84.4,82.49,38.78,1.7,81.2,75.51
S5410,64.97,59.37,67.57,90.25,0.13,51.15,58.68
S5411,74.08,43.67,51.84,61.82,0.93,78.77,51.26
S5412,59.12,70.06,46.55,59.14,2.33,52.08,51.33
S5413,37.53,52.72,52.72,75.89,4.41,70.94,64.99
S5414,78.01,37.96,54.0,52.68,3.15,46.98,59.22
S5415,84.13,43.93,46.77,75.57,1.49,78.26,63.47
S5416,78.93,91.21,30.65,55.36,5.76,44.03,61.61
S5417,45.76,66.92,82.52,58.87,0.87,69.64,57.48
S5418,69.74,61.94,79.47,78.11,3.37,61.64,59.84
S5419,41.72,55.5,39.08,47.23,1.54,66.73,37.51
S5420,95.55,65.26,64.45,44.71,5.49,58.27,61.7
S5421,58.71,65.04,45.76,74.96,3.83,57.87,50.06
S5422,93.83,65.26,57.29,69.46,5.56,67.63,64.28
S5423,89.19,62.07,55.79,73.37,0.58,47.96,61.35
S5424,61.49,75.64,54.3,76.55,2.65,47.86,58.8
S5425,58.01,60.42,98.05,71.15,3.22,58.9,60.65
S5426,80.26,42.4,54.07,82.16,3.26,58.24,62.11
S5427,62.34,48.98,47.45,71.95,1.68,47.91,50.16
S5428,76.54,24.38,48.27,29.85,0.03,80.71,47.52
S5429,67.76,96.48,80.79,35.04,0.73,59.31,59.48
S5430,48.28,75.53,32.26,100.0,0.94,61.15,59.37
S5431,41.54,45.06,48.27,70.0,4.59,42.43,42.88
S5432,78.4,54.93,88.04,89.0,4.41,100.0,83.4
S5433,66.58,48.54,66.39,63.09,0.27,100.0,57.88
S5434,66.7,87.77,65.45,68.84,7.18,51.73,65.84
S5435,85.44,34.44,100.0,60.93,0.48,85.84,69.78
S5436,92.6,62.06,66.43,100.0,1.28,63.44,75.71
S5437,70.91,58.05,49.25,75.06,0.58,92.26,65.48
S5438,69.89,74.88,56.92,59.3,4.72,70.72,72.82
S5439,82.5,58.13,41.56,36.97,3.32,66.7,58.41
S5440,54.65,28.35,84.61,100.0,1.05,22.51,53.63
S5441,78.35,55.48,72.34,66.73,2.75,50.06,58.36
S5442,83.28,42.5,82.24,84.88,0.49,65.35,64.48
S5443,85.2,61.43,83.83,87.12,1.16,68.38,79.74
S5444,45.95,85.82,54.54,60.74,1.14,44.35,45.35
S5445,63.58,28.69,44.99,83.45,0.65,52.61,43.82
S5446,61.83,45.6,61.07,57.92,5.02,74.41,54.11
S5447,76.5,50.05,46.29,50.19,2.73,41.49,46.44
S5448,82.21,53.13,64.97,93.29,0.79,67.27,62.83
S5449,97.45,73.32,82.38,66.84,0.67,86.05,85.3
S5450,67.58,56.88,58.97,80.37,0.04,71.55,57.51
S5451,67.54,67.48,64.7,78.22,1.02,70.7,65.1
S5452,92.25,48.74,60.31,82.76,1.8,30.66,51.3
S5453,79.45,64.14,76.45,38.87,0.78,51.03,52.69
S5454,94.01,74.0,49.98,58.29,2.89,99.92,74.08
S5455,79.33,46.82,22.46,63.51,1.27,54.81,59.34
S5456,57.64,74.06,70.48,53.37,0.91,86.5,61.76
S5457,55.0,60.94,79.78,78.58,6.71,54.62,60.67
S5458,51.73,78.82,70.03,93.74,0.73,60.28,66.13
S5459,84.93,56.37,50.48,96.9,1.22,73.76,49.54
S5460,92.83,66.86,41.57,63.22,1.16,66.71,63.0
S5461,100.0,59.27,70.9,75.84,0.66,71.49,63.61
S5462,87.65,58.27,64.55,78.91,0.59,51.09,68.48
S5463,92.44,64.66,59.74,82.43,0.86,45.68,52.2
S5464,66.3,69.66,94.8,52.44,4.79,49.94,60.95
S5465,57.65,37.51,44.96,100.0,3.5,55.95,53.0
S5466,87.75,85.81,93.95,88.53,2.74,61.1,74.08
S5467,81.27,26.53,62.57,89.05,1.47,82.63,58.24
S5468,76.61,47.67,28.96,94.07,1.7,66.48,61.52
S5469,80.81,58.3,58.77,80.68,0.75,73.24,63.27
S5470,79.85,67.42,79.27,49.45,0.19,67.41,57.97
S5471,94.26,88.37,55.43,67.22,0.96,46.04,73.14
S5472,94.42,26.55,35.45,36.98,1.64,65.29,50.41
S5473,83.16,50.86,59.04,78.3,0.14,67.22,63.06
S5474,87.69,21.72,46.57,66.62,0.22,77.92,48.12
S5475,82.71,60.57,70.85,69.19,0.73,46.83,47.1
S5476,68.08,64.89,75.92,94.08,1.1,30.31,57.44
S5477,86.35,88.63,42.99,60.86,1.2,68.0,58.39
S5478,54.08,62.17,49.3,64.96,0.3,71.02,49.13
S5479,90.81,78.79,75.62,70.44,0.61,61.95,65.6
S5480,57.08,70.51,46.54,33.2,0.73,65.48,50.25
S5481,79.29,52.17,42.52,64.68,0.17,79.94,61.82
S5482,62.32,34.64,40.78,20.28,0.95,57.2,46.36
S5483,83.3,64.95,68.34,58.29,0.18,60.26,67.37
S5484,74.49,33.14,67.56,87.1,2.92,66.34,54.54
S5485,51.08,83.31,49.69,78.95,1.17,44.26,56.58
S5486,81.31,57.08,62.09,58.1,0.95,62.42,68.99
S5487,66.33,81.51,89.49,70.82,0.32,63.92,58.45
S5488,88.22,51.36,44.47,48.5,0.62,92.83,66.17
S5489,75.02,64.84,26.87,69.95,0.64,59.93,47.92
S5490,80.93,63.77,70.19,100.0,10.11,68.4,75.68
S5491,60.64,59.19,60.01,100.0,4.33,80.62,66.7
S5492,66.16,52.21,49.22,71.05,0.04,50.76,53.72
S5493,68.12,67.06,73.74,73.2,2.3,88.39,79.53
S5494,87.85,43.33,77.11,50.41,0.71,94.99,61.66
S5495,100.0,38.23,22.25,53.96,0.26,64.51,41.94
S5496,62.92,82.37,50.25,77.24,2.93,55.83,63.03
S5497,91.15,73.09,100.0,59.5,0.34,92.66,74.75
S5498,42.45,61.19,72.5,88.08,1.41,78.53,62.45
S5499,57.09,89.97,74.17,100.0,2.4,66.39,75.23
S5500,60.62,55.18,83.11,76.65,1.94,89.26,64.0
S5501,54.71,83.81,62.31,72.03,9.12,87.46,69.63
S5502,51.25,63.16,76.34,36.38,3.7,59.28,54.81
S5503,81.19,41.55,74.93,84.95,3.57,69.23,75.8
S5504,71.79,93.26,71.7,47.13,1.05,74.81,63.79
S5505,80.69,77.83,56.2,61.64,0.02,65.49,58.66
S5506,85.36,57.82,65.1,89.19,3.18,41.36,70.31
S5507,78.98,73.09,51.41,90.6,12.0,49.05,63.56
S5508,84.87,52.73,62.23,60.67,1.25,41.91,60.48
S5509,73.96,74.92,40.97,61.82,10.16,73.38,62.34
S5510,57.2,16.96,47.77,56.01,0.37,44.87,39.71
S5511,90.87,41.64,56.92,46.04,0.84,68.27,71.21
S5512,66.16,77.63,45.01,57.3,0.45,96.14,66.91
S5513,60.97,55.51,52.91,37.74,1.55,89.27,58.42
S5514,72.33,63.74,59.05,83.66,3.83,33.76,63.66
S5515,61.31,35.76,69.24,77.89,1.0,43.26,48.69
S5516,68.74,93.26,79.09,81.21,5.68,51.8,73.42
S5517,80.16,81.43,53.65,50.91,1.89,45.13,63.65
S5518,80.23,56.39,86.03,46.1,1.5,36.89,61.09
S5519,61.53,52.72,78.89,71.07,3.71,64.82,61.27
S5520,67.68,78.53,71.07,71.28,0.26,76.99,62.98
S5521,91.11,95.68,64.77,67.05,3.57,81.22,76.47
S5522,82.45,77.17,67.74,64.21,0.67,56.93,62.1
S5523,100.0,99.09,83.37,100.0,0.79,60.38,87.15
S5524,92.7,43.4,84.02,78.52,2.2,71.05,56.55
S5525,92.16,45.25,86.03,100.0,5.57,63.16,81.55
S5526,54.18,38.6,62.74,95.38,2.07,78.78,49.17
S5527,86.46,67.95,71.99,100.0,2.51,72.32,66.69
S5528,74.2,63.16,86.18,48.51,3.6,58.6,65.81
S5529,66.74,57.26,50.77,81.86,0.72,33.44,57.51
S5530,77.52,74.57,56.27,61.36,4.21,90.48,78.38
S5531,89.18,82.18,62.29,36.73,1.3,53.34,64.46
S5532,82.51,32.54,78.19,99.92,0.46,71.08,64.86
S5533,61.82,49.25,78.47,64.13,1.03,32.42,55.53
S5534,86.14,74.76,57.84,48.9,0.68,64.81,71.75
S5535,65.44,51.58,34.85,61.71,0.62,66.7,64.43
S5536,78.25,45.63,66.43,54.08,0.8,67.53,56.13
S5537,70.45,78.33,45.47,56.13,0.48,100.0,64.29
S5538,71.72,36.79,35.18,65.57,2.64,54.27,48.46
S5539,86.49,54.57,39.25,100.0,2.08,78.95,63.76
S5540,59.4,65.92,67.87,56.67,2.51,73.89,70.03
S5541,100.0,49.67,86.5,100.0,1.01,53.46,67.53
S5542,47.68,74.1,62.7,86.98,3.52,78.7,47.95
S5543,66.03,49.76,65.8,77.93,0.33,62.21,59.6
S5544,80.55,85.36,83.29,84.96,2.03,79.88,82.82
S5545,83.76,57.74,34.2,70.27,0.77,98.34,61.41
S5546,73.49,72.08,71.36,95.72,1.8,67.56,72.09
S5547,74.14,73.43,61.79,81.34,0.94,60.22,68.79
S5548,81.16,48.7,72.19,36.71,3.75,82.88,60.8
S5549,71.53,23.04,53.3,75.93,5.33,88.74,59.41
S5550,95.9,66.49,47.28,85.68,3.26,49.98,69.45
S5551,87.59,61.3,64.53,64.22,0.46,57.3,50.91
S5552,88.09,70.0,91.69,72.53,0.77,76.48,73.96
S5553,60.51,55.92,77.5,57.74,6.04,62.76,50.33
S5554,73.81,52.25,52.86,42.45,1.38,48.78,51.18
S5555,70.49,96.15,37.86,38.99,6.8,74.19,58.12
S5556,59.92,33.5,31.72,39.26,1.2,76.42,48.36
S5557,80.4,73.21,85.69,83.38,7.28,59.32,75.42
S5558,66.94,49.66,44.81,20.19,6.24,66.04,51.22
S5559,84.83,53.96,56.14,56.67,2.59,55.2,57.4
S5560,58.95,54.29,85.78,54.69,0.02,46.38,61.92
S5561,100.0,45.54,32.95,64.36,1.23,56.55,47.04
S5562,61.56,70.28,88.86,32.87,5.81,66.26,56.31
S5563,78.29,85.03,57.43,78.08,5.19,39.92,74.08
S5564,86.88,68.46,41.33,44.54,0.5,57.79,53.77
S5565,66.44,61.86,57.55,92.65,1.22,66.49,48.77
S5566,87.79,42.24,48.99,57.56,4.33,85.31,68.24
S5567,56.56,69.3,69.93,68.09,2.07,59.69,65.67
S5568,96.78,98.81,50.33,70.08,4.51,43.82,75.44
S5569,75.21,53.15,27.59,74.88,4.2,61.44,55.0
S5570,66.05,53.23,58.03,70.74,5.71,55.37,67.73
S5571,70.51,49.9,37.58,61.46,0.3,74.39,59.48
S5572,87.13,51.19,65.68,76.86,0.38,59.26,72.09
S5573,66.23,10.58,40.63,79.32,0.21,18.92,44.87
S5574,63.76,67.29,53.22,54.7,6.57,100.0,62.27
S5575,71.68,44.78,65.29,78.53,1.55,67.42,56.83
S5576,57.35,31.02,58.18,93.83,0.16,66.52,45.37
S5577,100.0,73.56,66.51,84.12,0.93,38.8,72.99
S5578,66.5,40.52,74.25,88.65,1.04,40.1,60.92
S5579,87.47,53.9,41.16,73.44,3.98,63.44,58.13
S5580,78.14,86.4,60.84,51.28,3.19,70.71,69.02
S5581,60.23,34.63,2.07,53.81,2.81,76.94,37.57
S5582,74.91,32.41,66.45,76.4,0.05,69.04,62.1
S5583,86.76,64.85,56.59,88.86,5.8,44.84,61.39
S5584,72.18,80.69,44.3,100.0,0.58,22.42,54.24
S5585,92.9,31.66,67.68,89.64,2.38,63.3,62.61
S5586,90.32,67.34,83.11,46.59,0.15,55.92,70.3
S5587,88.78,70.46,53.43,54.65,0.2,43.54,52.68
S5588,68.11,22.94,44.99,100.0,0.02,79.08,59.83
S5589,58.8,74.37,64.97,65.71,2.0,38.22,47.39
S5590,65.8,75.78,37.96,70.95,2.38,75.49,57.1
S5591,77.94,54.39,50.11,50.79,0.12,41.03,43.69
S5592,83.19,82.54,84.0,100.0,0.82,67.28,60.59
S5593,42.43,80.46,63.12,80.01,4.58,80.88,63.9
S5594,74.88,61.86,28.17,54.51,0.26,59.26,49.89
S5595,77.37,51.87,29.65,50.12,0.59,93.73,44.45
S5596,70.84,42.49,64.92,76.14,1.33,97.6,57.94
S5597,94.37,59.32,77.52,70.88,4.43,69.03,73.36
S5598,81.33,70.26,32.88,86.64,0.71,74.2,59.52
S5599,94.65,54.16,70.09,80.94,12.0,83.03,73.77
S5600,71.76,20.44,85.95,64.71,1.05,74.26,54.49
S5601,89.06,82.84,95.98,59.12,1.17,72.43,71.23
S5602,99.53,63.42,67.96,66.8,0.31,56.09,63.37
S5603,94.68,53.17,71.12,58.99,2.74,36.31,58.63
S5604,58.62,75.43,23.6,67.4,0.67,41.37,44.52
S5605,71.19,87.44,99.8,70.33,2.38,100.0,70.88
S5606,69.82,9.57,51.64,52.04,0.61,70.48,42.58
S5607,82.34,67.82,45.2,82.61,1.18,60.82,58.41
S5608,85.3,34.32,57.41,62.59,4.66,86.48,53.61
S5609,62.42,68.98,89.21,53.16,3.22,52.26,66.65
S5610,76.02,62.3,100.0,62.97,0.4,74.91,76.0
S5611,44.7,71.44,64.26,74.85,2.25,66.31,57.3
S5612,96.63,51.01,79.97,71.66,2.38,72.82,69.97
S5613,67.31,26.28,62.78,78.44,0.23,59.28,48.29
S5614,75.84,51.89,43.32,87.97,1.5,48.6,63.21
S5615,70.36,67.32,88.58,96.1,0.72,51.01,79.08
S5616,92.19,78.28,50.8,75.71,1.51,51.67,65.16
S5617,32.44,38.91,89.64,48.61,3.6,64.95,46.28
S5618,74.75,78.49,85.37,64.62,0.41,38.55,67.26
S5619,73.41,48.34,73.05,49.91,0.32,43.79,55.43
S5620,68.2,66.52,94.92,100.0,0.75,67.3,68.44
S5621,100.0,50.82,100.0,100.0,7.3,62.83,82.93
S5622,61.69,63.28,58.85,83.01,3.31,68.23,66.4
S5623,86.58,76.05,47.44,87.17,0.05,64.23,61.15
S5624,80.34,37.91,28.44,75.02,1.23,100.0,70.48
S5625,93.92,47.76,100.0,77.32,0.71,67.15,62.51
S5626,64.99,63.33,54.09,38.05,2.44,58.56,47.4
S5627,64.01,100.0,82.43,68.52,1.48,66.72,71.58
S5628,91.44,44.46,48.66,52.38,8.01,82.34,75.06
S5629,81.38,96.72,89.69,75.63,0.59,64.16,72.31
S5630,51.83,96.08,49.4,68.81,2.13,76.64,54.71
S5631,66.91,58.25,40.55,100.0,2.89,71.73,63.4
S5632,80.8,54.63,58.25,88.33,4.19,60.06,62.64
S5633,87.57,47.54,52.43,75.69,1.25,66.88,64.55
S5634,64.81,58.77,72.73,64.66,2.79,92.18,62.39
S5635,31.29,34.68,61.07,100.0,0.87,69.13,44.18
S5636,82.85,58.63,73.3,69.4,1.37,48.24,77.11
S5637,56.7,86.94,56.76,76.63,5.42,59.57,45.35
S5638,44.74,49.0,50.03,70.84,7.19,29.06,59.04
S5639,32.52,55.67,51.5,61.92,3.05,67.34,52.7
S5640,87.21,29.38,98.81,70.73,1.13,87.31,62.87
S5641,76.93,66.73,66.05,30.76,4.12,42.2,67.92
S5642,71.62,64.76,26.29,39.05,0.06,67.55,40.53
S5643,95.84,61.15,52.64,76.99,0.26,81.75,72.62
S5644,84.56,56.1,63.74,100.0,2.6,83.55,57.27
S5645,99.24,54.73,95.22,76.96,0.83,86.76,68.56
S5646,54.11,69.03,80.52,55.59,7.26,33.24,51.84
S5647,74.48,59.48,45.41,41.14,1.37,73.58,49.31
S5648,50.75,65.67,100.0,85.69,1.35,39.41,63.36
S5649,71.56,63.87,61.44,58.66,2.72,48.03,52.96
S5650,71.27,80.22,84.43,82.86,3.5,78.96,60.61
S5651,84.4,72.19,41.21,77.8,1.55,67.69,65.77
S5652,75.68,63.47,18.83,79.57,0.58,77.35,55.63
S5653,84.35,87.33,36.65,70.67,3.56,49.21,65.64
S5654,85.55,67.56,3.49,77.67,0.93,90.05,57.75
S5655,100.0,83.49,100.0,67.61,0.46,76.7,85.47
S5656,70.27,70.92,65.86,57.29,2.4,80.12,62.28
S5657,60.88,26.85,45.36,50.73,0.23,46.64,48.12
S5658,78.69,83.49,70.15,22.3,8.53,84.91,61.85
S5659,62.97,62.43,65.41,66.38,2.4,59.63,54.12
S5660,97.23,59.06,73.18,100.0,10.23,54.61,84.59
S5661,70.75,65.06,83.77,84.6,0.99,75.63,76.34
S5662,66.52,53.79,56.78,74.55,8.51,74.91,65.12
S5663,67.93,64.09,46.16,55.32,0.38,50.6,47.24
S5664,85.78,49.35,76.9,89.95,0.1,99.96,64.41
S5665,72.63,82.94,76.44,67.61,0.08,95.84,77.77
S5666,65.37,57.96,63.81,100.0,1.5,75.29,71.61
S5667,99.98,53.11,100.0,50.38,0.21,72.32,70.13
S5668,62.16,43.35,54.12,55.0,1.72,70.61,65.26
S5669,75.53,64.84,45.8,53.05,0.95,38.65,56.06
S5670,84.78,63.37,69.53,40.36,0.98,66.92,54.37
S5671,50.53,66.99,49.85,51.26,2.42,66.69,49.92
S5672,82.2,41.51,70.92,72.06,0.43,55.21,59.61
S5673,59.17,31.18,47.01,55.76,3.49,59.74,47.03
S5674,87.34,71.26,54.8,0.0,2.09,24.52,58.05
S5675,60.56,86.72,96.04,91.49,5.91,46.35,67.27
S5676,85.39,41.53,54.7,36.32,1.09,80.67,46.66
S5677,91.59,88.61,47.62,81.78,9.74,94.43,80.34
S5678,87.92,65.11,83.07,70.62,2.06,48.96,65.09
S5679,78.77,59.87,43.08,100.0,8.7,68.11,80.99
S5680,71.53,52.84,49.53,89.94,0.07,83.67,65.91
S5681,66.35,35.08,72.38,59.91,3.12,56.16,51.09
S5682,97.07,77.78,78.89,55.96,4.07,76.5,80.96
S5683,64.51,46.04,83.97,100.0,0.13,64.43,68.02
S5684,59.44,45.96,48.55,40.48,2.08,85.24,53.2
S5685,84.98,77.85,72.73,73.82,3.89,43.2,67.96
S5686,63.06,26.11,53.61,67.38,1.98,46.22,49.95
S5687,60.75,32.58,51.1,63.14,0.16,69.75,35.83
S5688,53.35,59.67,83.66,77.07,2.84,66.64,69.55
S5689,67.76,65.28,52.11,73.79,0.15,64.04,37.35
S5690,73.76,68.73,67.01,79.15,4.08,74.79,64.33
S5691,78.65,54.57,64.8,72.78,0.11,49.18,49.85
S5692,89.27,100.0,42.73,78.35,0.35,41.72,63.96
S5693,82.9,55.9,79.39,71.87,0.77,56.5,64.15
S5694,72.14,55.85,72.09,56.81,2.41,58.4,52.01
S5695,72.03,45.65,26.25,70.08,8.99,60.18,36.76
S5696,82.65,62.23,66.99,55.71,0.3,86.57,64.91
S5697,94.09,71.07,48.09,54.39,0.37,78.1,76.03
S5698,76.89,81.66,81.75,63.28,1.1,74.07,67.25
S5699,67.96,33.19,35.98,67.61,4.34,68.77,55.77
S5700,60.11,55.57,55.58,70.7,1.51,57.62,63.41
S5701,53.32,68.04,68.52,88.33,0.93,50.48,48.0
S5702,84.99,70.57,62.98,60.03,1.98,44.65,59.67
S5703,83.67,60.12,75.73,73.94,0.72,53.19,57.2
S5704,83.66,69.76,34.67,72.36,1.23,64.27,54.86
S5705,73.07,45.44,91.73,57.83,0.97,45.37,69.61
S5706,96.1,88.04,71.45,71.47,3.91,67.88,76.73
S5707,67.74,77.87,86.47,90.05,6.19,61.69,77.31
S5708,89.33,35.79,77.74,73.73,3.42,58.25,63.37
S5709,74.42,40.65,61.79,74.53,1.39,84.75,52.18
S5710,65.87,41.16,38.88,55.89,1.68,23.17,48.09
S5711,83.89,72.2,51.86,100.0,0.32,58.48,74.31
S5712,81.14,36.87,90.61,57.03,3.3,25.01,60.39
S5713,80.35,54.04,86.94,36.64,2.18,69.06,64.71
S5714,76.22,68.18,50.85,87.2,5.59,77.96,59.12
S5715,74.43,58.81,11.27,67.7,0.54,42.03,51.49
S5716,100.0,64.66,58.17,63.94,3.42,44.21,73.37
S5717,92.76,40.82,56.82,59.09,2.77,36.13,59.01
S5718,85.84,70.71,57.5,100.0,0.74,66.08,58.3
S5719,76.68,48.96,71.51,77.09,2.64,59.21,71.88
S5720,90.11,54.16,77.77,81.0,6.2,60.26,64.52
S5721,82.77,64.28,79.83,73.25,6.02,58.74,71.71
S5722,75.39,61.86,70.02,75.4,3.05,48.45,68.62
S5723,70.45,60.43,29.59,97.97,0.12,84.24,65.27
S5724,73.79,46.49,55.86,64.98,4.94,69.63,47.3
S5725,30.0,54.61,100.0,40.86,2.57,44.86,51.03
S5726,78.16,60.04,68.74,87.36,0.89,53.09,64.46
S5727,67.67,35.25,68.62,79.93,0.5,50.17,63.58
S5728,98.89,51.67,68.47,72.16,0.3,88.9,71.37
S5729,75.29,66.98,69.48,79.42,0.12,77.09,74.49
S5730,57.17,37.01,19.1,62.59,3.37,62.85,46.11
S5731,74.25,80.82,57.69,70.41,0.65,94.02,66.11
S5732,59.31,82.85,61.32,67.37,0.06,89.68,63.93
S5733,82.1,37.59,85.07,58.17,1.22,61.08,69.64
S5734,79.36,84.44,62.86,93.78,1.58,58.02,62.18
S5735,89.37,57.42,32.36,41.75,0.44,58.84,58.1
S5736,63.14,67.53,69.74,100.0,0.11,48.8,59.41
S5737,75.51,51.06,47.53,87.55,0.5,94.48,56.37
S5738,54.52,76.61,40.1,34.44,2.73,47.89,54.43
S5739,85.52,67.31,46.99,65.52,0.21,79.76,56.85
S5740,82.78,45.35,71.77,66.63,1.94,76.74,65.02
S5741,82.44,39.03,84.66,77.84,0.38,59.82,60.26
S5742,75.02,33.71,70.69,50.21,0.52,95.77,42.87
S5743,81.22,63.38,73.38,70.64,1.2,38.5,65.57
S5744,99.07,70.3,70.51,67.58,0.26,63.65,70.32
S5745,70.72,71.72,63.82,55.25,0.46,56.69,47.51
S5746,77.08,57.88,74.54,52.46,1.03,81.33,58.08
S5747,58.71,39.17,18.46,88.38,0.96,71.01,36.2
S5748,61.98,47.72,64.0,36.07,3.32,35.64,52.86
S5749,76.47,80.74,43.19,79.56,0.19,86.07,72.87
S5750,91.56,51.28,82.93,85.95,4.73,73.25,77.41
S5751,71.16,62.58,59.35,65.63,4.07,47.4,64.73
S5752,71.46,40.64,62.56,71.05,3.49,59.06,53.7
S5753,68.9,66.06,34.91,93.27,0.89,42.9,59.42
S5754,66.98,51.76,80.3,55.9,4.15,62.1,59.78
S5755,79.42,78.84,73.29,57.97,0.48,67.55,67.09
S5756,52.54,73.92,72.03,60.09,0.32,59.31,63.17
S5757,94.21,51.08,47.37,93.31,0.11,57.34,70.08
S5758,65.02,57.72,48.07,95.85,6.72,37.58,56.57
S5759,85.83,50.08,66.02,42.08,0.88,70.73,50.06
S5760,55.95,34.45,49.5,90.12,5.99,32.28,49.4
S5761,85.03,44.57,69.83,86.38,0.76,65.53,62.71
S5762,85.08,63.57,23.1,100.0,5.72,34.41,61.61
S5763,80.76,65.85,53.22,77.7,5.62,65.86,70.06
S5764,60.08,62.67,94.34,69.11,6.17,64.9,54.88
S5765,78.74,54.57,69.91,92.9,1.65,71.86,62.5
S5766,57.25,76.8,65.0,83.98,4.82,79.66,59.86
S5767,71.21,61.14,97.73,100.0,7.23,82.81,83.98
S5768,90.44,72.66,19.95,89.17,0.94,37.63,57.49
S5769,86.95,28.07,47.32,73.07,1.3,64.01,51.75
S5770,75.23,0.0,54.78,46.52,3.05,99.19,51.41
S5771,60.38,65.11,77.45,58.38,0.86,67.02,55.94
S5772,84.68,34.35,77.76,41.28,3.36,50.87,56.46
S5773,75.29,56.18,46.41,65.7,0.18,63.65,66.54
S5774,40.2,54.56,79.96,88.52,1.78,58.48,67.69
S5775,86.74,88.57,54.74,69.93,0.31,45.0,63.05
S5776,74.64,67.2,83.81,90.43,0.83,79.77,69.73
S5777,93.04,62.99,43.41,76.75,0.72,74.93,60.19
S5778,58.57,75.07,59.78,61.94,4.38,42.31,45.77
S5779,30.0,66.63,53.18,71.75,0.52,63.41,55.04
S5780,79.19,51.76,81.01,79.44,3.97,55.37,80.32
S5781,79.37,79.29,52.59,72.78,3.79,37.77,60.15
S5782,49.64,40.02,61.24,73.01,1.66,40.95,43.64
S5783,60.32,65.82,71.12,54.62,0.64,43.48,53.69
S5784,100.0,32.14,71.81,61.34,0.62,64.01,62.21
S5785,70.42,63.67,77.97,100.0,1.5,57.21,60.59
S5786,85.96,63.47,65.8,94.57,0.02,48.69,63.66
S5787,65.24,90.18,54.47,40.52,1.82,58.34,64.15
S5788,43.65,31.83,55.71,22.66,7.33,77.71,44.02
S5789,72.45,49.18,62.46,71.52,0.4,71.06,66.1
S5790,71.02,74.81,66.49,87.87,2.04,82.03,70.61
S5791,69.0,66.04,59.35,59.6,7.83,61.12,54.76
S5792,73.28,63.25,62.35,90.43,4.73,92.24,65.14
S5793,78.96,42.79,34.69,71.19,4.56,70.92,56.78
S5794,72.75,49.37,74.01,66.74,4.14,56.69,53.88
S5795,56.04,82.41,65.26,85.12,0.89,66.58,55.9
S5796,82.29,59.07,80.03,59.36,5.31,43.78,57.18
S5797,45.76,66.76,62.0,64.27,6.81,59.79,59.31
S5798,44.24,57.93,30.71,83.4,1.64,72.31,47.15
S5799,86.09,38.7,55.55,69.37,1.05,75.4,65.94
S5800,82.61,76.81,58.4,100.0,1.28,58.03,63.76
S5801,74.14,69.06,75.37,83.88,0.98,100.0,55.75
S5802,54.07,100.0,24.74,82.58,0.57,62.07,56.56
S5803,64.38,41.72,62.74,69.01,2.31,36.47,62.03
S5804,71.06,74.81,71.25,87.5,1.98,85.63,69.86
S5805,51.06,36.39,50.09,63.55,1.49,75.32,39.64
S5806,63.91,62.83,63.34,75.65,0.24,68.94,49.83
S5807,84.78,77.58,50.71,51.67,3.83,57.1,69.42
S5808,96.41,22.7,48.87,90.79,0.46,71.69,54.59
S5809,68.71,56.31,54.65,75.81,0.29,92.52,69.39
S5810,86.35,49.86,49.21,100.0,2.34,68.43,68.34
S5811,46.29,47.36,74.31,100.0,1.22,40.01,50.9
S5812,84.89,66.93,48.77,85.27,0.15,6.29,64.86
S5813,62.94,80.17,45.75,71.37,1.05,71.54,53.76
S5814,79.61,57.6,93.82,51.08,3.55,48.24,55.76
S5815,71.28,63.7,79.29,88.09,2.29,63.3,61.91
S5816,94.81,62.06,28.49,74.21,1.08,51.25,63.22
S5817,61.88,60.03,48.23,80.76,0.51,50.02,61.32
S5818,84.41,40.39,66.36,100.0,2.4,51.99,61.48
S5819,70.81,79.95,67.83,53.51,5.24,53.53,52.05
S5820,72.63,65.31,35.17,51.51,2.49,78.2,45.71
S5821,72.24,67.11,82.85,65.27,4.02,74.75,60.92
S5822,62.31,45.48,76.85,86.42,1.77,44.46,50.58
S5823,74.79,51.73,70.67,81.1,3.04,46.78,63.13
S5824,74.06,56.83,86.42,52.09,5.44,71.45,76.47
S5825,78.62,32.39,70.14,85.13,3.56,82.89,67.77
S5826,76.27,29.62,70.07,45.98,5.78,82.63,50.28
S5827,86.97,49.19,90.04,53.25,1.35,47.95,58.88
S5828,88.85,69.41,81.82,67.69,5.63,81.82,70.61
S5829,59.24,48.24,46.85,58.93,2.33,34.8,49.65
S5830,88.03,41.66,73.4,87.8,4.9,61.55,76.22
S5831,57.2,45.34,50.04,75.73,0.1,73.28,49.31
S5832,83.82,51.8,71.07,100.0,2.57,29.66,74.02
S5833,84.3,53.63,70.58,65.06,4.52,100.0,80.56
S5834,46.33,98.98,37.1,67.56,0.46,87.55,55.82
S5835,76.39,78.98,59.81,94.21,2.6,76.0,67.63
S5836,67.97,78.45,66.77,68.18,4.18,48.59,61.05
S5837,63.62,81.03,54.15,99.88,0.82,63.84,65.09
S5838,95.26,42.02,67.66,80.82,1.25,78.44,64.19
S5839,65.19,38.0,76.51,22.94,2.02,45.91,53.55
S5840,62.9,40.08,61.45,93.55,1.76,61.93,47.84
S5841,76.14,84.02,66.04,88.25,0.1,80.48,67.17
S5842,85.28,50.15,86.9,89.03,0.25,39.59,68.14
S5843,72.88,37.48,70.52,31.78,0.25,70.65,57.0
S5844,92.5,52.24,65.61,56.74,0.73,35.17,72.26
S5845,82.96,55.71,44.75,58.23,0.68,48.95,47.07
S5846,42.33,64.83,74.08,53.18,3.25,56.42,49.7
S5847,67.06,64.52,67.94,100.0,2.04,73.73,53.05
S5848,66.57,45.09,85.11,69.76,3.47,53.09,53.53
S5849,82.19,72.34,62.84,69.27,0.17,67.13,54.16
S5850,35.63,48.49,29.31,81.04,1.59,53.32,39.62
S5851,100.0,57.19,31.4,81.39,0.94,55.98,59.62
S5852,82.97,72.36,75.24,3.3,4.55,86.26,64.48
S5853,77.23,48.45,51.74,57.07,2.95,45.45,52.14
S5854,92.72,49.75,69.86,41.74,4.88,77.91,66.42
S5855,100.0,70.65,64.06,78.01,0.11,64.98,70.88
S5856,88.06,44.56,59.0,64.22,3.06,55.22,53.21
S5857,89.23,53.07,60.27,70.31,1.86,44.3,50.77
S5858,76.96,70.0,46.42,28.43,4.18,45.51,56.93
S5859,72.88,96.97,61.72,63.8,1.7,52.44,75.5
S5860,67.86,70.9,51.48,92.3,1.86,62.45,77.68
S5861,62.61,68.51,55.3,98.19,0.13,75.26,68.34
S5862,64.69,69.55,56.17,84.38,2.65,59.9,70.04
S5863,54.74,40.68,57.92,43.29,0.77,61.03,49.15
S5864,73.86,62.08,78.6,95.19,0.05,63.57,69.07
S5865,49.73,59.46,59.66,84.48,0.16,73.11,56.99
S5866,77.86,65.79,80.43,67.66,7.57,75.96,69.6
S5867,74.46,62.1,89.68,29.5,1.02,41.42,61.69
S5868,77.2,66.83,77.39,89.07,4.86,60.2,66.83
S5869,67.17,54.39,71.62,58.16,7.71,85.87,62.27
S5870,100.0,61.05,67.88,76.92,6.89,42.63,62.96
S5871,95.4,37.9,77.58,71.37,5.12,66.26,69.69
S5872,56.33,54.24,63.61,100.0,5.41,62.1,55.81
S5873,78.49,85.04,79.72,67.49,0.82,55.37,68.85
S5874,65.88,65.74,73.05,69.7,0.39,92.04,67.09
S5875,59.78,59.62,55.52,100.0,2.45,65.63,64.28
S5876,54.9,94.13,78.13,56.84,1.61,90.69,71.2
S5877,81.48,35.5,63.65,86.29,0.25,65.1,58.5
S5878,64.78,40.03,60.09,66.03,2.72,72.82,57.68
S5879,89.52,90.83,53.43,49.95,1.99,55.19,62.32
S5880,89.91,60.83,64.99,70.02,4.77,55.38,54.24
S5881,95.61,55.63,79.94,83.83,2.25,71.96,75.1
S5882,62.21,38.41,78.0,97.07,2.05,72.27,63.44
S5883,82.13,68.06,68.36,99.49,1.39,75.17,77.03
S5884,84.49,69.8,72.79,64.1,1.49,71.4,66.99
S5885,67.89,40.3,84.89,50.26,7.41,42.28,47.86
S5886,63.42,57.48,59.3,63.63,0.36,51.29,53.51
S5887,99.14,53.96,41.92,46.37,1.42,79.45,64.89
S5888,78.41,64.61,85.42,65.65,2.56,31.71,66.76
S5889,84.54,39.85,52.46,63.17,1.36,69.97,55.87
S5890,62.67,82.54,49.57,84.55,0.8,63.1,51.5
S5891,56.71,76.48,29.67,25.88,0.81,79.44,41.49
S5892,66.46,53.46,72.28,55.33,0.64,72.08,60.45
S5893,73.14,56.1,32.81,55.49,1.01,53.71,40.28
S5894,59.04,57.54,48.5,93.74,4.93,52.94,55.88
S5895,74.85,45.99,72.59,47.72,1.69,56.11,56.27
S5896,49.67,52.02,74.99,74.53,0.66,74.86,63.72
S5897,58.2,55.14,50.27,67.44,1.16,25.86,52.6
S5898,85.06,89.03,59.59,90.86,0.27,67.68,77.3
S5899,84.06,77.04,46.29,81.92,5.63,49.99,67.59
S5900,69.12,76.82,52.13,72.42,1.26,68.24,56.32
S5901,59.73,66.66,66.79,58.91,9.44,70.86,58.58
S5902,59.59,39.89,52.97,32.95,1.02,36.74,37.0
S5903,69.4,59.25,57.6,74.94,4.34,61.14,63.79
S5904,84.67,77.47,35.64,80.61,0.71,67.64,58.84
S5905,88.92,37.35,82.39,38.5,0.19,66.5,56.34
S5906,67.55,71.46,71.18,45.33,0.08,62.92,58.68
S5907,57.7,100.0,76.27,75.05,2.24,44.24,76.33
S5908,79.02,79.11,85.23,76.78,0.9,46.83,73.21
S5909,62.65,85.45,47.15,50.19,1.41,41.57,49.93
S5910,67.23,63.93,55.55,58.52,4.1,74.42,59.88
S5911,94.88,77.42,27.89,33.27,0.68,63.04,66.33
S5912,87.41,47.08,100.0,97.55,0.89,64.12,76.45
S5913,77.37,74.33,59.31,44.0,4.48,36.01,48.92
S5914,55.92,71.78,80.7,80.85,1.63,64.43,58.37
S5915,78.17,65.22,39.71,69.3,4.22,75.77,54.66
S5916,90.94,83.69,79.93,95.79,1.13,33.69,82.4
S5917,69.37,50.3,95.44,54.15,1.22,55.9,68.35
S5918,95.27,56.63,60.91,71.23,0.44,38.3,58.31
S5919,94.39,61.72,43.8,36.03,5.95,57.86,54.99
S5920,99.96,41.47,59.5,31.23,5.45,49.68,57.83
S5921,79.58,64.08,21.92,81.93,9.96,71.48,61.96
S5922,83.81,29.06,61.32,34.3,1.24,67.88,45.8
S5923,96.21,78.85,76.78,65.44,4.1,86.96,74.24
S5924,81.71,60.84,61.36,90.23,1.29,64.08,56.73
S5925,67.48,50.62,56.89,84.93,1.45,70.75,66.55
S5926,68.27,44.98,71.5,56.71,4.25,55.52,45.99
S5927,78.58,55.78,72.87,38.23,0.47,46.25,45.34
S5928,55.64,72.39,32.12,80.19,0.6,79.19,57.67
S5929,72.85,69.86,63.6,96.85,0.91,86.14,61.08
S5930,91.45,47.3,100.0,56.76,3.72,77.0,67.39
S5931,42.13,44.77,37.97,53.93,1.12,67.23,42.83
S5932,98.02,71.82,60.46,59.5,1.06,48.44,69.31
S5933,91.84,47.0,96.95,81.43,12.0,84.41,77.08
S5934,68.1,61.08,81.88,94.57,1.16,74.85,78.54
S5935,83.15,62.23,52.76,45.21,0.68,99.42,60.85
S5936,75.05,65.62,65.71,40.03,2.34,45.37,63.89
S5937,93.45,75.45,61.96,100.0,3.89,79.66,77.42
S5938,89.74,37.27,48.53,66.45,0.17,74.33,69.87
S5939,54.0,25.6,60.66,75.06,2.32,59.19,55.44
S5940,83.81,49.79,56.96,56.16,0.09,88.19,59.85
S5941,71.92,92.43,64.03,79.8,1.79,71.84,73.09
S5942,76.24,96.4,48.53,89.2,0.71,49.07,65.13
S5943,64.08,92.96,39.02,76.0,0.88,62.99,58.93
S5944,100.0,56.53,61.26,100.0,1.51,48.87,61.38
S5945,90.6,27.92,92.87,63.47,6.29,57.04,60.33
S5946,63.9,17.83,63.48,64.74,2.98,76.97,63.5
S5947,54.98,48.95,56.03,74.63,6.63,81.82,50.21
S5948,69.21,56.43,75.57,79.3,2.59,68.76,59.84
S5949,81.52,83.41,59.15,74.56,0.02,52.25,64.75
S5950,78.6,75.62,95.62,44.31,0.74,71.49,67.7
S5951,93.8,64.09,61.93,76.25,5.67,77.3,72.96
S5952,86.85,43.98,74.61,62.52,2.48,31.47,56.38
S5953,89.54,42.71,48.42,58.38,9.6,66.98,63.54
S5954,79.9,64.57,71.06,70.65,0.41,61.77,70.93
S5955,54.16,72.55,66.95,50.77,0.84,81.21,65.2
S5956,72.06,67.05,60.98,47.29,1.08,71.56,56.81
S5957,90.9,41.38,52.97,17.69,0.95,73.23,55.71
S5958,74.23,71.71,50.52,100.0,0.7,56.81,57.15
S5959,82.55,67.67,67.08,81.11,1.41,65.03,62.63
S5960,70.22,40.73,73.32,67.66,2.47,81.04,52.81
S5961,59.55,45.88,59.71,56.66,0.89,63.9,51.07
S5962,73.15,72.39,67.17,12.48,0.2,67.97,49.81
S5963,79.64,55.78,61.32,55.43,2.96,38.89,47.89
S5964,65.16,88.6,63.77,84.32,1.47,63.83,64.22
S5965,71.46,69.02,58.39,88.84,1.95,30.8,50.36
S5966,60.91,51.24,62.32,82.85,1.46,56.23,64.68
S5967,91.79,59.82,100.0,73.17,5.31,66.08,71.8
S5968,70.58,61.14,67.61,96.08,1.96,78.04,72.51
S5969,96.79,46.89,73.62,63.43,6.16,48.01,62.74
S5970,97.93,43.57,69.88,91.7,1.71,71.35,61.75
S5971,73.78,72.63,57.27,62.31,0.83,89.96,70.24
S5972,59.87,75.21,85.29,52.38,1.05,54.11,61.4
S5973,43.71,70.87,56.76,49.89,1.77,38.7,60.01
S5974,52.92,87.28,80.99,48.71,1.81,69.93,59.29
S5975,54.39,50.25,55.98,83.18,2.79,44.74,50.52
S5976,95.68,90.14,44.72,55.15,0.61,51.08,70.6
S5977,76.74,43.78,68.58,49.34,2.58,80.7,64.49
S5978,80.84,41.77,42.12,84.27,3.62,96.91,62.05
S5979,41.69,28.32,71.64,76.56,2.71,47.99,68.06
S5980,57.03,51.98,40.51,89.25,1.58,52.46,50.49
S5981,88.31,50.93,56.26,80.25,11.49,57.52,59.43
S5982,79.3,69.47,36.23,54.94,1.25,55.69,49.38
S5983,72.79,64.39,100.0,71.52,0.27,97.87,70.08
S5984,83.47,38.53,32.23,72.5,4.14,55.98,62.67
S5985,99.54,52.93,62.18,51.62,0.57,58.41,60.66
S5986,71.68,53.31,82.58,47.91,3.0,92.48,72.43
S5987,76.04,28.03,80.65,56.39,0.47,74.8,59.53
S5988,77.89,42.34,77.32,100.0,0.04,81.76,73.1
S5989,100.0,46.13,56.29,61.75,0.42,49.6,62.24
S5990,43.51,85.81,86.32,94.66,1.14,55.99,67.94
S5991,85.25,63.45,78.44,60.63,0.27,47.32,68.17
S5992,73.28,71.92,65.82,87.78,0.53,78.62,63.76
S5993,83.5,33.02,66.33,88.05,3.47,85.83,60.94
S5994,65.14,81.5,56.53,89.05,3.53,54.8,66.59
S5995,74.27,83.42,45.63,77.76,4.08,58.81,75.61
S5996,85.67,24.03,84.27,97.55,4.42,59.55,56.63
S5997,100.0,47.3,85.62,77.57,1.31,38.7,55.57
S5998,87.12,68.92,46.09,100.0,4.85,53.55,65.98
S5999,62.28,71.6,59.23,37.6,1.79,78.15,62.27
